URL,ASIN,Title,Brand,Fulfillment,Category,BSR,Subcategory,Price,Price Trend (90 days) (%),Monthly Sales,Sales Trend (90 days) (%),Monthly Revenue,Review Count,Reviews Rating,Seller,Number of Active Sellers,Last Year Sales,Sales Year Over Year (%),Size Tier,Length,Width,Height,Weight,Storage Fee (Jan - Sep),Storage Fee (Oct - Dec),Best Sales Period,Age (Month),Number of Images,Variation Count,Sales to Reviews,profit_margin,Reviews,Solving need,Recurring,price_range,Competition,packaging_size,Seasonal,customer_pricing,Cross Selling,Fragile,Inventory time
https://amazon.in/dp/B0CCPM48NH,B0CCPM48NH,"SNUGKINS Unisex Baby Unisex Baby Snug Potty Training Pull-Up Pants For Babies/Toddlers/Kids|100% Pure Cotton|Washable & Reusable|(Size 1, Fits 1-2 Years)|Pack Of 2 - Water Melon & Whale",SNUGKINS,FBA,Baby,758,Diaper Pants,498.0,,128,49.0,63744.0,193,3.2,Snugkins,2,,,Standard Size,2.64,3.39,6.89,0.33,,,07/01/2024,11,6,102,0.68,498.0,188.23529411764704,True,False,>500,Low,Small,False,Flexible,True,False,Less
https://amazon.in/dp/B0CL79VL8B,B0CL79VL8B,"SNUGKINS Snug Potty Training Pants Babies/Toddlers/Kids (Size 4, 4-5 Years) - Pack of 2",SNUGKINS,FBA,Baby,738,Diaper Pants,498.0,,128,49.0,63744.0,193,3.2,Snugkins,2,,,Standard Size,1.22,9.49,9.65,0.33,,,07/01/2024,-,4,102,0.68,498.0,188.23529411764704,True,False,>500,Low,Small,False,Flexible,True,False,Less
https://amazon.in/dp/B08C4LZ476,B08C4LZ476,"Koochie-Koo Cotton Hosiery Washable Reusable Nappy, Diaper, Langot, Extra Absorbent With Wide Cushion/Padding, For Baby (Multicolor, 4-8 Months-M), 6 Count",Koochie-Koo,FBA,Baby,838,Cloth Diapers,489.0,1.0,133,-13.0,66367.0,304,4.0,wishkey,1,1371.0,21.0,Standard Size,2.52,7.83,8.82,0.42,,,06/01/2024,46,6,4,0.45,499.0,295.55555555555554,True,False,>500,Low,Small,False,Flexible,True,False,Less
https://amazon.in/dp/B081NC8629,B081NC8629,"Bambo Nature Premium Baby Diapers - Medium Size, 28 Count, for Infant Baby - Super Absorbent, Eco-Friendly and with a Wetness Indicator",Bambo Nature,FBA,Baby,776,Diaper Pants,999.0,-1.0,182,-4.0,181818.0,424,4.3,ATB Brands,1,3084.0,17.0,Standard Size,4.53,8.5,9.84,1.64,,,12/01/2022,50,7,8,0.43,999.0,423.25581395348837,True,False,>500,Low,Small,False,Flexible,True,False,Less
https://amazon.in/dp/B08KGRRNFL,B08KGRRNFL,"SuperBottoms BASIC Pack of 3 Reusable Cloth Diaper for babies 0-3 Years | Freesize Adjustable, Reusable Cloth Diaper | Outer Shell only | (WITHOUT dry feel pad/soaker/insert) | Print may vary",superbottoms,FBA,Baby,819,Cloth Diapers,597.0,26.0,167,44.0,105043.0,430,3.4,Navashya Consumer Products Private Limited,1,1355.0,-35.0,Standard Size,3.19,6.93,7.05,0.55,,,09/01/2022,45,1,0,0.39,629.0,428.2051282051282,True,False,>500,Low,Small,False,Flexible,True,False,Less
https://amazon.in/dp/B085S24XK8,B085S24XK8,"MOM CARE Mustard Seeds Pillow for NewBorn Baby-Round Head Shaping Baby Pillow, Neck Support Pillow,Gifting 0-12 Months, Infant, kids White and orange",MOM CARE,FBA,Baby,708,Back & Body Supports,458.0,3.0,142,-43.0,70858.0,226,4.3,MOM CARE,1,2320.0,-9.0,Standard Size,2.09,9.29,12.68,1.61,,,09/01/2022,52,7,8,0.64,499.0,221.875,True,False,>500,Low,Small,False,Flexible,True,False,Less
https://amazon.in/dp/B07G4WZZN2,B07G4WZZN2,MOM'S HOME Pure Organic Cotton 6 layer Muslin Blanket for Baby | Ultra-Soft Swaddling Towel for Newborns and Toddlers |100 x100 cm | 0-3 Years (Mix Design),MOM'S HOME,FBA,Baby,670,Blankets,727.0,1.0,125,-41.0,99875.0,208,4.1,MOMSHOME PRIVATE LIMITED,2,1424.0,145.0,Standard Size,1.61,9.37,9.61,0.64,,,05/01/2024,71,7,8,0.6,799.0,208.33333333333334,True,True,>500,Low,Small,False,Flexible,True,False,Less
https://amazon.in/dp/B07X1T371Y,B07X1T371Y,Homescape New born Baby Blanket All Season Ultra Soft 2 Layer Blankets for Baby boys and baby girls (90x110cm) Beige_0-3 years,Homescape,FBA,Baby,1446,Blankets,375.0,,102,60.0,38250.0,226,4.2,HomeScape,2,1382.0,-14.0,Standard Size,7.09,6.69,2.36,0.82,,,10/01/2022,57,6,7,0.45,375.0,226.66666666666666,True,False,>500,Low,Small,False,Flexible,True,False,Less
https://amazon.in/dp/B08ZSY33J1,B08ZSY33J1,"First Kick Fleece Sleeping Bag New Born Combo Pack of Super Soft Baby Wrapper Cum Baby Blanket For Baby Boys, Baby Girls, Babies (76Cm X 70Cm, 0-6 Months) Lightweight, Multi",First Kick,FBA,Baby,1182,Blankets,349.0,-1.0,115,77.0,33810.0,301,4.0,Brandonn,1,1639.0,62.0,Standard Size,3.03,9.49,11.85,0.53,,,10/01/2023,36,5,10,0.39,294.0,294.87179487179486,True,False,>500,Low,Small,False,Flexible,True,False,Less
https://amazon.in/dp/B09GNZ1MPB,B09GNZ1MPB,"SNOWIE SOFT® Sleeved Bib Baby Bib with Pocket, Toddler Bib, Smock, Washable and Lightweight Waterproof Fabric, Fits Bibs for Baby 6 Months+",SNOWIE SOFT,FBA,Baby,608,Feeding Bibs,435.0,2.0,173,-4.0,80272.0,414,4.2,Climber Up,1,,,Standard Size,0.87,8.82,11.1,0.2,,,05/01/2024,33,7,15,0.42,464.0,411.9047619047619,True,False,>500,Low,Small,False,Flexible,True,False,Less
https://amazon.in/dp/B07GQTLJX4,B07GQTLJX4,"Mom & World Mineral Based Baby Sunscreen Lotion, Spf 50 Pa+++, Uva/Uvb Protection, Water Resistance, 120 ml",MOM & WORLD,FBA,Baby,797,Sunscreen,331.0,-1.0,127,-54.0,42037.0,366,4.0,Emmbros Overseas,1,1302.0,51.0,Standard Size,1.69,1.85,6.65,0.35,,,05/01/2024,69,7,6,0.35,331.0,362.8571428571429,True,False,>500,Low,Small,False,Flexible,True,False,Less
https://amazon.in/dp/B09794FZ5L,B09794FZ5L,"KidDough Baby Proofing Premium Child Safety Lock | for Refrigerator, Cabinets, Drawers, Fridge, Cupboard, Wardrobe, Door | Baby Safety (Pack of 4,White)",KidDough,FBA,Baby,1065,Edge & Corner Guards,474.0,-2.0,144,20.0,68256.0,329,3.5,KidDough,1,1385.0,-60.0,Standard Size,1.02,5.98,9.02,0.31,,,05/01/2023,35,7,0,0.44,474.0,327.27272727272725,True,False,>500,Low,Small,False,Flexible,True,False,Less
https://amazon.in/dp/B09G9LVWHC,B09G9LVWHC,"Pigeon Disposable Breast Pads,Comfy Feel,2X Softer,Gentle on Skin,Stay Dry All Day,Aloe Vera Extract,Dermatologically Test,Leak Proof Coverage,White,96 pcs",Pigeon,FBA,Baby,1120,Breast Pumps,955.0,20.0,154,-13.0,147070.0,220,4.2,Iqoniqo Consumer Products Private Limited,3,1545.0,831.0,Standard Size,5.24,8.19,9.33,1.08,,,05/01/2024,33,4,6,0.7,955.0,220.0,True,True,>500,Low,Small,False,Flexible,True,False,Less
https://amazon.in/dp/B08ZSXQ5TW,B08ZSXQ5TW,"First Kick Fleece Sleeping Bag New Born Combo Pack of Super Soft Baby Wrapper Cum Baby Blanket For Baby Boys, Baby Girls, Babies (76Cm X 70Cm, 0-6 Months) Lightweight, Multicolor",First Kick,FBA,Baby,1281,Blankets,349.0,-3.0,116,84.0,34104.0,301,4.0,Brandonn,1,1640.0,63.0,Standard Size,2.87,9.61,12.05,0.53,,,10/01/2023,40,5,10,0.39,294.0,297.4358974358974,True,False,>500,Low,Small,False,Flexible,True,False,Less
https://amazon.in/dp/B093W7QFS2,B093W7QFS2,Shopoflux® Swing for Kids | Baby Swing hanging Indoor Outdoor | Kids Swing | Jhula for Baby | Baby Garden Swing | Jhula for Kids | (6 Months to 3 Years) (Up to 25 kg) (Purple),SHOPOFLUX,FBA,Baby,636,Swings,854.0,2.0,163,4.0,139202.0,184,4.4,Shopoflux,1,2049.0,0.0,Standard Size,3.94,12.52,12.91,2.14,,,06/01/2023,38,6,6,0.89,854.0,183.14606741573033,True,False,>500,Low,Small,False,Flexible,True,False,Less
https://amazon.in/dp/B08WRR5XXP,B08WRR5XXP,Shopoflux® Swing for Kids | Baby Swing hanging Indoor Outdoor | Kids Swing | Jhula for Baby | Baby Garden Swing | Jhula for Kids | (6 Months to 3 Years) (Up to 25 kg) (Brown),SHOPOFLUX,FBA,Baby,610,Swings,854.0,3.0,160,0.0,143840.0,328,4.4,Shopoflux,1,2041.0,0.0,Standard Size,3.62,13.89,15.04,2.31,,,06/01/2023,41,6,6,0.49,899.0,326.53061224489795,True,False,>500,Low,Small,False,Flexible,True,False,Less
https://amazon.in/dp/B097JPGKVT,B097JPGKVT,"Rabitat Steel Play Stainless Steel Sipper - Totally Adorable, School Bottle | Picnic Bottle | Sipper Bottle | Leak Proof | Bpa Free | Food Grade | Easy To Carry - 410 Ml",rabitat,FBA,Baby,769,Bottles,899.0,-24.0,119,70.0,118881.0,237,3.7,Cloud Brands,1,826.0,,Standard Size,3.35,3.39,8.11,0.57,,,04/01/2023,37,8,6,0.5,999.0,238.0,True,False,>500,Low,Small,False,Flexible,True,False,Less
https://amazon.in/dp/B09X76X34M,B09X76X34M,"BRANDONN New Born and toddler Kids Blanket All Season Fluffy 2 Layered AC Wrapping Sheet Coral and Sherpa Blanket for Baby Boys and Baby Girls, Toddlers 130 cm x 105 cm, (3-24 Months)",BRANDONN,FBA,Baby,442,Blankets,580.0,-3.0,222,69.0,135642.0,274,4.4,Brandonn,1,2568.0,-4.0,Standard Size,5.04,8.5,11.5,1.17,,,12/01/2022,27,3,12,0.81,611.0,274.0740740740741,True,False,>500,Low,Small,False,Flexible,True,False,Less
https://amazon.in/dp/B09QYK7KFL,B09QYK7KFL,"TIDY SLEEP Baby Blankets 6 Layer Wraper 100% Cotton Stroller Cover Receiving Blankets, Blue (100 Cm X 90 Cm), Breathable",TIDY SLEEP,FBM,Baby,689,Blankets,605.0,-12.0,181,39.0,109505.0,222,4.5,TIDY SLEEP,2,1725.0,,Standard Size,2.32,7.64,10.87,0.99,,,07/01/2024,29,6,0,0.83,605.0,218.0722891566265,True,False,>500,Low,Small,False,Flexible,True,False,Less
https://amazon.in/dp/B0B4B1SRX6,B0B4B1SRX6,"BONIRY Baby Nail Trimmer,Baby Nail Clippers Safe for Newborn Toddler Adult Toes Fingernails Care Trim Kit 6 Grinding Heads,Baby Grooming kit for Baby Care kit for New Born, (N-T Green),Pack of 1",Boniry,FBA,Baby,1005,Nail Care,359.0,2.0,108,-13.0,38772.0,467,3.6,Boniry Store,1,1760.0,,Standard Size,2.05,3.46,6.14,0.37,,,11/01/2022,25,9,11,0.23,359.0,469.5652173913043,True,False,>500,Low,Small,False,Flexible,True,False,Less
https://amazon.in/dp/B098R18STW,B098R18STW,"First Kick Baby Bath Cotton Towels New Born Combo Pack Of Hooded Soft Wrapping Towel Pack Of 2(70 Cm X 66 Cm) Set Of 3 Pieces, Pink",First Kick,FBA,Baby,1422,Bath Towels & Wash Cloths,409.0,2.0,100,7.0,45000.0,371,3.9,Brandonn,1,1060.0,-2.0,Standard Size,3.66,10.2,10.28,1.17,,,08/01/2022,35,7,8,0.27,450.0,370.3703703703703,True,False,>500,Low,Small,False,Flexible,True,False,Less
https://amazon.in/dp/B0BS3QQ5PV,B0BS3QQ5PV,"JoyRide Poppy Round Kids Walker with Foldable, Cushion Seat | Activity Walker for Baby with Musical Toy Bar | Walker Baby 6-18 Months Boys Girls Blue Pink",JoyRide,FBM,Baby,1328,Walkers,999.0,,102,0.0,101898.0,419,3.5,GUJARAT SALES,1,1350.0,,Standard Size,7.87,7.87,11.81,2.2,,,05/01/2023,18,4,3,0.25,999.0,408.0,True,False,>500,Low,Small,False,Flexible,True,False,Less
https://amazon.in/dp/B0BR5VJWVL,B0BR5VJWVL,"VENUSIA Dr Reddy'S Baby Intensive Moisturizing Cream | For Dry And Ultra Dry Skin | Paraben Free,Sulphate Free,Phalate Free | Contains Cocoa, Aloe, Mango & Shea Butters | 75 Gm X Pack Of 4",VENUSIA,FBA,Baby,770,Lotions,908.0,-5.0,123,-12.0,119064.0,158,4.5,Buy  More,1,1470.0,,Standard Size,3.94,3.94,5.91,0.66,,,02/01/2024,5,7,8,0.79,968.0,155.69620253164555,True,False,>500,Low,Small,False,Flexible,True,False,Less
https://amazon.in/dp/B0CGNM9731,B0CGNM9731,"IMNISHNAY Home Decor Bonsai Tree Lights with 108 LED, Night Lights for Baby Room Decor, Tabletop Artificial Tree Lights, Ideal for Gift Home Decor,Weddings, Christmas, Holidays, and More (Warm White)",IMNISHNAY,FBA,Baby,889,Table Lamps,664.0,-5.0,151,22.0,105398.0,273,4.0,AISHA IMPEX,3,,,Standard Size,1.54,6.81,13.03,0.64,,,12/01/2023,10,8,33,0.57,698.0,264.9122807017544,True,False,>500,Low,Small,False,Flexible,True,False,Less
https://amazon.in/dp/B0BR5JHN1D,B0BR5JHN1D,"Bumtum Cotton Baby Dry Sheet Waterproof Soft Fleece Baby Bed Protector|Anti-Bacterial&Odour Free|Extra Absorbant, Reuseable&Washable (Aqua Blue, Medium Size, 100 * 70Cm, Pack of 3)",Bumtum,FBA,Baby,2658,Bassinet & Cradle Mattress Protection,549.0,-13.0,114,-9.0,62586.0,128,3.9,RK World Infocom Pvt Ltd,1,,,Standard Size,5.24,8.07,11.02,1.41,,,04/01/2024,6,8,27,0.91,549.0,125.27472527472527,True,False,>500,Low,Small,False,Flexible,True,False,Less
https://amazon.in/dp/B0C58L7YJH,B0C58L7YJH,"Honey Bunny Everyday Baby Diapers Pants | Medium (M), 72 Count, 7-12 kg | Silky Soft on Skin, Bubble Layer | 12 Hours Protection Baby Diaper",Honey Bunny,FBA,Baby,410,Diaper Pants,605.0,55.0,181,-43.0,140818.0,288,4.0,Vihana Health Care LLP..,1,1985.0,,Standard Size,7.52,10.87,16.3,4.17,,,05/01/2024,6,6,27,0.64,778.0,282.8125,True,False,>500,Low,Small,False,Flexible,True,False,Less
https://amazon.in/dp/B0C73WQ6PG,B0C73WQ6PG,"SNOWIE SOFT® Ear Muffs for Kids Baby Ear Protection Noise Canceling Headphones for Baby Sleep Flight Travel, Baby Hearing Protection Earmuffs for Baby Toddler Kids 0-3 (Purple)",SNOWIE SOFT,FBA,Baby,854,Hearing Protection Earmuffs,683.0,5.0,143,13.0,106964.0,225,3.8,Xspace Offer,2,1993.0,,Standard Size,2.91,5.91,6.38,0.37,,,11/01/2023,11,7,4,0.64,748.0,223.4375,True,False,>500,Low,Small,False,Flexible,True,False,Less
https://amazon.in/dp/B0C33ZZ5FP,B0C33ZZ5FP,"Nat Habit 100% Pure Almond Baby Oil For Baby Skin & Hair, Enriched With Vit E & Omega-3, 6 Non-Refined, LLP Free, Chemical & Preservative Free - 100 ml",Nat Habit,FBA,Baby,269,Oils,469.0,4.0,279,5.0,130851.0,354,4.4,RK World Infocom Pvt Ltd,1,2512.0,,Standard Size,4.33,4.33,4.33,0.26,,,07/01/2024,12,6,10,0.79,469.0,353.1645569620253,True,False,>500,Low,Small,False,Flexible,True,False,Less
https://amazon.in/dp/B0BZSK8PDY,B0BZSK8PDY,"Cherilo C Shaped Elevated Wedge Baby Pillows for New Born, Pillow for Kids, Crib & Mattress, Prevents Acid Reflux, Colic, GERD, Heat Burn & Vomiting, 15"" x 12"" x 3"" - with Cover - Star Design - Blue",Cherilo,FBA,Baby,761,Back & Body Supports,899.0,1.0,153,7.0,137547.0,223,4.1,MY ARMOR,1,1654.0,,Standard Size,3.39,12.13,15.43,0.53,,,07/01/2024,15,8,28,0.69,899.0,221.73913043478262,True,False,>500,Low,Small,False,Flexible,True,False,Less
https://amazon.in/dp/B0C9X1R8L7,B0C9X1R8L7,Eddie & Holly Steel Feeding Bottles | 400 ml | Steel Milk Bottle for Baby and Kids | Wide Neck | Safe & Non-Toxic | 12+ Months | 400 ml,Eddie & Holly,FBA,Baby,1271,Bottles,749.0,15.0,132,0.0,98868.0,205,3.6,Eddie & Holly,1,1645.0,,Standard Size,2.8,2.83,8.66,0.44,,,08/01/2023,12,8,10,0.65,749.0,203.07692307692307,True,False,>500,Low,Small,False,Flexible,True,False,Less
https://amazon.in/dp/B0B3JT44H4,B0B3JT44H4,"BRANDONN New Born Baby Blankets All Season Fluffy 2 Layered AC Wrapping Sheet Flannel and Sherpa Blanket for Baby Boys and Baby Girls, Toddlers 130 cm x 105 cm, (3-24 Months) (Lightweight)",BRANDONN,FBA,Baby,453,Blankets,580.0,-3.0,218,65.0,133198.0,158,4.4,Brandonn,1,2575.0,-3.0,Standard Size,5.67,9.13,13.03,1.23,,,11/01/2023,25,6,12,1.37,611.0,159.12408759124085,True,False,>500,Low,Small,False,Flexible,True,False,Less
https://amazon.in/dp/B0BBSMX5Q3,B0BBSMX5Q3,Momittle - Baby Two Wheeler Safety Belt for Kids | Baby Safety Products | Baby Holder for Bike | 2 Wheeler Safety Belt for Kids | Secure Your Children While Riding | Double Buckles for Extra Safety,MOMITTLE,FBA,Baby,746,Safety Harnesses,669.0,-1.0,145,118.0,97005.0,112,4.3,Swasti Enterprises 22,1,885.0,,Standard Size,2.6,7.68,11.18,0.46,,,07/01/2024,23,8,19,1.37,669.0,105.83941605839415,True,False,>500,Low,Small,False,Flexible,True,False,Less
https://amazon.in/dp/B0BC977D6R,B0BC977D6R,SNOWIE SOFT® Noise Cancellation Ear Muffs for Kids Use Noise-cancelling Ear Muffs for Baby Toddler Ear Muffs for Noise Reduction Baby Ear Muffs for 0-3 Years Old On Flight Sleep Travel (Pink),SNOWIE SOFT,FBA,Baby,834,Hearing Protection Earmuffs,712.0,2.0,143,18.0,120835.0,225,3.8,Xspace Offer,2,1994.0,,Standard Size,2.95,6.61,7.95,0.35,,,11/01/2023,22,7,4,0.64,845.0,223.4375,True,False,>500,Low,Small,False,Flexible,True,False,Less
https://amazon.in/dp/B0BCWYTQGS,B0BCWYTQGS,Organic Cotton Muslin Pack of 2 Baby Bath Towel 120 cm X 120 cm_Tri Plus,Mahaveer Cotton,FBA,Baby,438,Bath Towels & Wash Cloths,499.0,,231,-8.0,115269.0,194,4.4,Mahaveer-Cotton,1,2392.0,,Standard Size,2.91,6.34,8.62,0.82,,,05/01/2024,23,9,28,1.19,499.0,194.11764705882354,True,False,>500,Low,Small,False,Flexible,True,False,Less
https://amazon.in/dp/B0B88RW4XK,B0B88RW4XK,"superbottoms Rai Mustard Seed Head Shaping Pillow for Newborn, Refillable Pillow 100% Cotton Cover, Customize Mustard Seed Filling Prevents Flat Head |0-12Months, Twinkle Stars, Pack of 1 for Gifting",superbottoms,FBA,Baby,937,Back & Body Supports,435.0,-2.0,155,52.0,67425.0,135,3.9,VRS FASHIONS Pvt ltd,2,1943.0,-4.0,Standard Size,1.69,7.2,9.57,1.23,,,09/01/2023,24,7,11,1.15,435.0,134.7826086956522,True,False,>500,Low,Small,False,Flexible,True,False,Less
https://amazon.in/dp/B0B34TM7V5,B0B34TM7V5,"TEDDYIFY Soft Cotton Baby Bath Towel for Infants, New Born Babies and Toddlers, Premium Soft Cotton/Easy to Wash (Colours and Print As Per Availability) (Pack of 3 Towel) Multicolors",TEDDYIFY,FBA,Baby,958,Bath Towels & Wash Cloths,499.0,,141,4.0,70359.0,498,3.9,Teddyify,1,1809.0,-2.0,Standard Size,2.32,8.9,10.24,0.86,,,08/01/2022,25,9,6,0.29,499.0,486.2068965517242,True,False,>500,Low,Small,False,Flexible,True,False,Less
https://amazon.in/dp/B0B3VLR8RR,B0B3VLR8RR,"Cherilo Baby Dry Sheet for New Born Waterproof Bedsheet, 3 Small Size Pack (Pink + Salmon Rose + Sky Blue)",Cherilo,FBA,Baby,1012,Crib Sheets,324.0,-3.0,144,23.0,47520.0,205,4.5,RK World Infocom Pvt Ltd,2,988.0,49.0,Standard Size,2.76,8.07,16.34,0.68,,,07/01/2024,25,8,15,0.72,330.0,200.0,True,False,>500,Low,Small,False,Flexible,True,False,Less
https://amazon.in/dp/B09VYXSHFD,B09VYXSHFD,Aro Kleen Incofit Baby Disposable Underpad|Changing Pads|Baby Waterproof Pads|Waterproof|Breathable Underpads|Bed Protector With 100% Water Proof Non Slip Back Sheet-60x45 Cm-Pack Of 1 (20 Counts),Aro Kleen,FBA,Baby,476,Disposable Pad Liners,378.0,,239,5.0,95361.0,448,4.4,Paramount Surgimed,1,2670.0,31.0,Standard Size,6.18,8.31,11.85,1.7,,,05/01/2024,28,5,0,0.54,399.0,442.59259259259255,True,False,>500,Low,Small,False,Flexible,True,False,Less
https://amazon.in/dp/B0BVMNS3RX,B0BVMNS3RX,"RB Point Stainless Steel Baby Feeding Milk Bottle, Milk Feeding, Water Feeding (Pack of 1, 240 ml.)",RB POINT,FBM,Baby,1402,Bottles,319.0,-6.0,101,-48.0,32219.0,235,3.9,Berlin's Pet Accessories ®,1,1702.0,,Standard Size,1.4,2.6,6.9,0.26,,,11/01/2023,16,6,0,0.43,319.0,234.88372093023256,True,False,>500,Low,Small,False,Flexible,True,False,Less
https://amazon.in/dp/B0BZSJHX7P,B0BZSJHX7P,"Cherilo Foam C Shaped Elevated Wedge Pillow for Baby Crib&Mattress,Elevate Baby to Prevent Acid Reflux,Colic,Gerd,Heat Burn&Vomiting,15""X12""X3"" - with Removable Cover - Triangle Design - White",Cherilo,FBA,Baby,761,Back & Body Supports,832.0,,152,8.0,126616.0,223,4.1,RK World Infocom Pvt Ltd,2,1647.0,,Standard Size,3.98,12.8,15.51,0.62,,,07/01/2024,14,9,28,0.68,833.0,223.52941176470586,True,False,>500,Low,Small,False,Flexible,True,False,Less
https://amazon.in/dp/B0BVR5135T,B0BVR5135T,"Combo pack Aveeno Baby Daily Moisture Lotion (227g) + Wash and Shampoo (100ml) | With natural oat extract | Hypoallergenic, pediatrician recommended | Cleanses, nourishes, soothes & protects baby's sensitive skin",Aveeno Baby,FBA,Baby,601,Baby Shampoos,948.0,5.0,187,18.0,181390.0,119,4.3,RK World Infocom Pvt Ltd,5,1171.0,,Standard Size,2.24,5.24,8.46,0.93,,,07/01/2024,15,6,0,1.63,970.0,114.72392638036811,True,False,>500,Low,Small,False,Flexible,True,False,Less
https://amazon.in/dp/B0BWWHY338,B0BWWHY338,"GLOWSERIES Kitty Night Lamp for Kids, Cat Night Lamp, 7 Color Cute Silicone Lamp, Room Decor, USB Rechargeable, Cute Silicone Cat lamp LED Multicolor Gifts for Baby, Children, Teen Girls",GLOWSERIES,FBM,Baby,489,Baby Room Décor,899.0,29.0,202,46.0,181598.0,145,4.5,zilloquil,2,1983.0,,Standard Size,5.04,5.08,6.22,0.64,,,12/01/2023,17,9,19,1.39,899.0,145.32374100719426,True,False,>500,Low,Small,False,Flexible,True,False,Less
https://amazon.in/dp/B0BTSRWLXR,B0BTSRWLXR,"BAYBEE Cotton Baby Modern Bedding Set For New Born Baby Bed Mattress With Zip Mosquito Net Neck Pillow&2 Bolsters Sleeping Nest Travel Bed ,Infant Toddler Bed Set Gifts For Baby Boy Girl 0-6 M",BAYBEE,FBA,Baby,888,Baby Nests,689.0,21.0,142,-16.0,99258.0,371,4.2,GALAXY INCORPORATION,1,1892.0,,Standard Size,15.75,7.87,3.94,1.76,,,11/01/2023,17,8,9,0.39,699.0,364.1025641025641,True,False,>500,Low,Small,False,Flexible,True,False,Less
https://amazon.in/dp/B0BXBBG14B,B0BXBBG14B,"tekme Remote Teether for Baby, for 3+ Months Baby, Helps Biting Skills Development, Teething Toys for Babies and Toddlers (Blue)",tekme,FBA,Baby,260,Teethers,427.0,2.0,296,28.0,126392.0,497,4.0,tekme®,1,4043.0,,Standard Size,0.51,5.35,6.89,0.11,,,07/01/2023,15,6,5,0.6,427.0,493.33333333333337,True,False,>500,Low,Small,False,Flexible,True,False,Less
https://amazon.in/dp/B0BXHJ31TC,B0BXHJ31TC,"tekme Penguin Teether For Toddler, Never Drop Silicone Chewing Teethers Toy For Speech Therapy, Baby Chewing Toys For Teething Gums (Blue)",tekme,FBA,Baby,1616,Teethers,399.0,-10.0,115,-41.0,45885.0,158,4.0,tekme®,1,3606.0,,Standard Size,1.73,5.0,6.34,0.07,,,07/01/2023,16,7,7,0.73,399.0,157.53424657534248,True,False,>500,Low,Small,False,Flexible,True,False,Less
https://amazon.in/dp/B0BR1RCZQ5,B0BR1RCZQ5,"Little Rituals Baby Multi-Vitamin Body & Hair Wash - Tear Free + pH 5.5. Formulated with the best plant botanical - HONEYSUCKLE, BASIL, MANDARIN. Natural, Organic, Dermat tested, SWISS Technology (200ml)",Little Rituals,FBA,Baby,480,Body Washes,500.0,1.0,199,8.0,99500.0,108,4.4,Little Rituals,1,1788.0,,Standard Size,2.05,2.17,7.36,0.57,,,07/01/2024,19,6,0,1.84,500.0,108.15217391304347,True,False,>500,Low,Small,False,Flexible,True,False,Less
https://amazon.in/dp/B0B1Q7M29X,B0B1Q7M29X,"Lifekrafts Safemyles Foldable Baby Mosquito Net, Bottomless Net for Baby, for Safe & Easy Use | Ensures Your Baby'S Safe Sleep - Upto 2Years - Grey",Lifekrafts,FBA,Baby,626,Mosquito Protection,799.0,2.0,222,95.0,177378.0,315,4.4,LifeKrafts,1,1506.0,4.0,Heavy and bulky,2.6,32.52,61.73,0.35,,,07/01/2024,25,6,6,0.72,799.0,308.33333333333337,True,False,>500,Low,Small,False,Flexible,True,False,Less
https://amazon.in/dp/B0BN2QW347,B0BN2QW347,"SNOWIE SOFT® Ear Muffs for Kids Baby Hearing Protection Earmuffs for Baby Sleep Flight Travel, Baby Ear Protection Noise Canceling Headphones for Baby Toddler Kids",SNOWIE SOFT,FBA,Baby,834,Hearing Protection Earmuffs,749.0,1.0,144,10.0,109296.0,225,3.8,Climber Up,1,1993.0,,Standard Size,2.87,6.73,8.23,0.33,,,11/01/2023,20,7,4,0.66,759.0,218.18181818181816,True,False,>500,Low,Small,False,Flexible,True,False,Less
https://amazon.in/dp/B0BBSMXKL8,B0BBSMXKL8,"MOMITTLE Baby Two Wheeler Safety Belt For Kids | Baby Holder For Bike | 2 Wheeler Safety Belt For Kids | Secure Your Children While Riding | Double Buckles For Extra Safety, Blue, Pack Of 1",MOMITTLE,FBA,Baby,704,Safety Harnesses,659.0,-1.0,151,128.0,99509.0,112,4.3,Swasti Enterprises 22,1,899.0,,Standard Size,2.36,7.95,10.59,0.49,,,07/01/2024,22,8,19,1.35,659.0,111.85185185185185,True,False,>500,Low,Small,False,Flexible,True,False,Less
https://amazon.in/dp/B0BH38NJHF,B0BH38NJHF,"Amazon Brand - Goodmunchkins Stainless Steel Baby Feeding Bottle 304 Grade Steel for Infants/Toddlers Jointless, with Bottle Cleaning Brush (Pink) 300 Milliliters",Goodmunchkins,FBM,Baby,788,Bottles,480.0,,136,47.0,62560.0,217,4.0,GOODMUNCHKINS PVT LTD,1,1160.0,,Standard Size,3.15,3.15,7.09,0.39,,,06/01/2023,21,8,8,0.64,460.0,212.5,True,False,>500,Low,Small,False,Flexible,True,False,Less
https://amazon.in/dp/B09RPFR3NS,B09RPFR3NS,"Safemyles Foldable Baby Mosquito Net, Bottomless Net for Baby, for Safe&Easy Use|Ensures Your Baby's Safe Sleep-Upto 2Years-Blue",Lifekrafts,FBA,Baby,695,Mosquito Protection,799.0,1.0,218,72.0,180722.0,315,4.4,LifeKrafts,3,1513.0,3.0,Standard Size,1.38,25.79,26.93,3.92,,,07/01/2024,29,6,6,0.69,829.0,315.94202898550725,True,False,>500,Low,Small,False,Flexible,True,False,Less
https://amazon.in/dp/B0CG3M1K6S,B0CG3M1K6S,"Bummy PANTS Super Dry Leakage Proof Technology Baby Diaper – New Born & Xtra Small (NB & XS) Size, 80 Count, Super Absorbent 5D Cross Core Pack of 1, 0-4kg",BUMMY PANTS,FBM,Baby,368,Diaper Pants,437.0,-25.0,300,121.0,138000.0,121,3.5,BUMMY PANTS,1,,,Standard Size,12.6,11.81,4.72,2.69,,,07/01/2024,5,6,48,2.88,460.0,104.16666666666667,True,False,>500,Low,Small,False,Flexible,True,False,Less
https://amazon.in/dp/B0C6Y8TQZ5,B0C6Y8TQZ5,"haus & kinder Animal Arcade Collection 100% Cotton Muslin Baby Swaddle Wrap for New Born, Size 100 cm by 100 cm - Pack of 3 (Ocean, Elephant, Lion)",haus & kinder,FBA,Baby,243,Swaddlers,577.0,-5.0,289,2.0,166753.0,379,4.5,Samara Retail,1,,,Standard Size,2.09,5.39,10.98,0.88,,,03/01/2024,9,7,9,0.76,577.0,380.2631578947368,True,False,>500,Low,Small,False,Flexible,True,False,Less
https://amazon.in/dp/B0C6XVTW7J,B0C6XVTW7J,Coo Coo Extra Dry Baby Pullup Diaper Pant Size Small -S (84) Count Upto 4-8 kg Super Absorbent Core Up to 12 Hrs Protection Soft Elastic Waist & Leakage Protection Size Small-S (84 Pieces)/Pack,Coo Coo,FBA,Baby,295,Diaper Pants,548.0,4.0,257,1.0,140836.0,500,3.9,RK World Infocom Pvt Ltd,1,,,Standard Size,5.55,15.24,16.73,4.21,,,12/01/2023,5,6,16,0.51,548.0,503.921568627451,True,False,>500,Low,Small,False,Flexible,True,False,Less
https://amazon.in/dp/B0CGX57ZCG,B0CGX57ZCG,"TIDY SLEEP Cotton Baby Dry Sheet/Mattress Protector (Waterproof/Quickly Dry/Extra Absorbent/Reusable)- Pack of 2, Blue",TIDY SLEEP,FBA,Baby,448,Crib Mattress Protection,717.0,-5.0,217,53.0,155589.0,122,4.2,TIDY SLEEP,1,,,Standard Size,3.74,11.97,14.65,2.36,,,07/01/2024,1,6,21,1.87,717.0,116.04278074866309,True,False,>500,Low,Small,False,Flexible,True,False,Less
https://amazon.in/dp/B0CKHVG14Z,B0CKHVG14Z,"BAYBEE Baby Bedding Set for New Born Baby, Bed Mattress with Mosquito Net & Neck Pillow, Sleeping Nest Travel Bed for Baby, Infant Toddler Bed Set Gifts for Baby Boy Girl 0-6 Months (Orange)",BAYBEE,FBA,Baby,845,Baby Nests,789.0,15.0,141,-16.0,112659.0,371,4.2,GALAXY INCORPORATION,1,,,Standard Size,15.75,7.87,3.94,1.76,,,11/01/2023,9,7,9,0.39,799.0,361.53846153846155,True,False,>500,Low,Small,False,Flexible,True,False,Less
https://amazon.in/dp/B0CGX4C238,B0CGX4C238,TIDY SLEEP Baby Dry Sheet/Mattress Protector (Waterproof/Quickly Dry/Extra Absorbent/Reusable) - Pack of 2,TIDY SLEEP,FBA,Baby,434,Crib Mattress Protection,727.0,-1.0,220,56.0,159940.0,122,4.2,TIDY SLEEP,1,,,Standard Size,11.81,3.54,13.78,3.97,,,07/01/2024,3,5,21,1.9,727.0,115.78947368421053,True,False,>500,Low,Small,False,Flexible,True,False,Less
https://amazon.in/dp/B0CCB1NW2Y,B0CCB1NW2Y,Eddie & Holly 2 in 1 Sipper for Baby | 220 ml | Water and Milk Bottle for Kids and New Born Baby | Wide Neck | Stainless Steel | Zero Plastic Bottle | 0+ Months | 220 ml,Eddie & Holly,FBA,Baby,1185,Bottles,569.0,-5.0,132,-2.0,75108.0,205,3.6,Eddie & Holly,1,,,Standard Size,2.64,2.76,6.93,0.46,,,09/01/2023,10,7,10,0.65,569.0,203.07692307692307,True,False,>500,Low,Small,False,Flexible,True,False,Less
https://amazon.in/dp/B0CCB4169P,B0CCB4169P,Eddie & Holly 2 in 1 Sipper Bottle for Baby | 300 ml | Wide Neck | Anti Colic Bottle | Zero Plastic | Steel Milk Bottle for Kids | 6+ Months | 300 ml,Eddie & Holly,FBA,Baby,1185,Bottles,719.0,5.0,132,-2.0,94908.0,205,3.6,Eddie & Holly,1,,,Standard Size,2.72,2.76,6.73,0.49,,,09/01/2023,10,7,10,0.65,719.0,203.07692307692307,True,False,>500,Low,Small,False,Flexible,True,False,Less
https://amazon.in/dp/B0C6XWT616,B0C6XWT616,Coo Coo Extra Dry Baby Pullup Diaper Pant Size Small-S (112) Count upto 4-8 kg Super Absorbent Core Up to 12 Hrs Protection Soft Elastic Waist & Leakage Protection Size Small-S (112 Pieces)/Pack,Coo Coo,FBA,Baby,295,Diaper Pants,699.0,3.0,256,1.0,178944.0,499,3.9,RK World Infocom Pvt Ltd,2,,,Standard Size,5.55,15.16,20.87,5.49,,,12/01/2023,5,6,16,0.53,699.0,483.01886792452825,True,False,>500,Low,Small,False,Flexible,True,False,Less
https://amazon.in/dp/B0CPHTM79N,B0CPHTM79N,"SNOWIE SOFT® Baby Suction Plates for Baby Feeding with 4 Strong Suction Cups, Silicone Toddler Plates with Deep Divided for Kids to Feed Themselves, Dish Washer & Micro-Wave Oven Safe",SNOWIE SOFT,FBA,Baby,1023,Plates,499.0,1.0,134,-41.0,66866.0,318,4.2,Xspace Offer,1,,,Standard Size,1.5,7.44,7.87,0.35,,,03/01/2024,6,7,5,0.42,499.0,319.04761904761904,True,False,>500,Low,Small,False,Flexible,True,False,Less
https://amazon.in/dp/B0CN9RDBJ1,B0CN9RDBJ1,"EMBOSSED Mosquito Net for Bed Heavy Quality HDPE NET King Size Queen Size Premium Machardani I Strong and Durable I Protection for Baby Insect Protection Net (Khakhi, 5 x 7)",EMBOSSED,FBM,Baby,907,Mosquito Protection,589.0,,143,41.0,84227.0,125,4.2,SUMAN SADHNA ENTERPRISES,1,,,Standard Size,4.33,1.18,5.91,0.99,,,03/01/2024,8,7,18,1.15,589.0,124.34782608695653,True,False,>500,Low,Small,False,Flexible,True,False,Less
https://amazon.in/dp/B0CTJPJNZ3,B0CTJPJNZ3,"Kidsmate Musical Keyboard Mat Piano Gym Mat | Hanging Toys | Baby Crawling Mat for Newborn Baby| Interactive Lights, Engaging Tunes, and Developmental Bliss for Newborns to 12 Months (Blue)",Kidsmate,FBA,Baby,660,Playmats & Floor Gyms,799.0,-4.0,177,-18.0,141423.0,291,3.4,RK World Infocom Pvt Ltd,1,,,Standard Size,3.54,17.2,19.88,2.84,,,06/01/2024,6,7,3,0.61,799.0,290.1639344262295,True,False,>500,Low,Small,False,Flexible,True,False,Less
https://amazon.in/dp/B0CQHQT5CJ,B0CQHQT5CJ,"Glowseries Night Lamp For Kids, Cat Nursery Night Lights With Battery, 7 Color Table Lamp,Room Decor, Usb Rechargeable, Cute Led Multicolor Gifts For Baby, Children, Toddlers, Teen Girls - Silicone",GLOWSERIES,FBA,Baby,455,Baby Room Décor,664.0,-19.0,201,45.0,133464.0,145,4.5,AISHA IMPEX,1,,,Standard Size,4.02,5.67,10.94,0.46,,,07/01/2024,4,9,19,1.39,664.0,144.6043165467626,True,False,>500,Low,Small,False,Flexible,True,False,Less
https://amazon.in/dp/B0BM4MQLQ4,B0BM4MQLQ4,"TuddyBuddy 100% Cotton Adjustable Baby Swaddle Wrap for Newborn to 6 Months Baby (0-3 Months, Pack of 3 - Plain Grey, Brown & Cream)",TuddyBuddy,FBA,Baby,1498,Swaddlers,999.0,29.0,105,89.0,94395.0,371,3.9,Oxyliv Products Pvt Ltd,1,,,Standard Size,7.87,2.36,7.87,0.44,,,07/01/2024,-,6,139,0.28,899.0,374.99999999999994,True,False,>500,Low,Small,False,Flexible,True,False,Less
https://amazon.in/dp/B097T6Z9KM,B097T6Z9KM,"Sebamed Baby Powder 100 gm| Olive Oil, Allantoin|Keeps newborn’s skin fresh|absorbs sweat|",SebaMed,FBM,Baby,957,Powders,365.0,9.0,127,-57.0,46355.0,211,4.5,RUDRE ENTERPRISES,1,,,Standard Size,1.73,2.01,5.28,0.29,,,04/01/2024,6,4,0,0.6,365.0,211.66666666666669,True,False,>500,Low,Small,False,Flexible,True,False,Less
https://amazon.in/dp/B0CN9QRVTL,B0CN9QRVTL,"EMBOSSED Mosquito Net for Bed Heavy Quality HDPE NET King Size Queen Size Premium Machardani I Strong and Durable I Protection for Baby Insect Protection Net (Purple, 6 x 7)",EMBOSSED,FBM,Baby,907,Mosquito Protection,649.0,,143,44.0,92807.0,125,4.2,SUMAN SADHNA ENTERPRISES,1,,,Standard Size,4.33,1.18,5.91,0.99,,,03/01/2024,8,6,18,1.15,649.0,124.34782608695653,True,False,>500,Low,Small,False,Flexible,True,False,Less
https://amazon.in/dp/B0CKL7C61W,B0CKL7C61W,"SNOWIE SOFT® Food Plate Silicone BPA Free Baby Food Plate, Anti Flip Over Silicone Food Plate with Suction Cup, with Spoon & Baby Use Fork, Dish Washer Safe (Pink)",SNOWIE SOFT,FBA,Baby,1013,Plates,499.0,-10.0,135,-41.0,67365.0,318,4.2,Xspace Offer,2,,,Standard Size,2.2,7.05,7.76,0.42,,,03/01/2024,8,8,5,0.42,499.0,321.42857142857144,True,False,>500,Low,Small,False,Flexible,True,False,Less
https://amazon.in/dp/B0CTJQLKMZ,B0CTJQLKMZ,"Kidsmate Musical Keyboard Mat Piano Gym Mat | Hanging Toys | Baby Crawling Mat for Newborn Baby| Interactive Lights, Engaging Tunes, and Developmental Bliss for Newborns to 12 Months (Pink)",Kidsmate,FBA,Baby,660,Playmats & Floor Gyms,799.0,2.0,177,-18.0,141423.0,291,3.4,RK World Infocom Pvt Ltd,1,,,Standard Size,3.7,16.61,19.76,7.58,,,06/01/2024,6,7,3,0.61,799.0,290.1639344262295,True,False,>500,Low,Small,False,Flexible,True,False,Less
https://amazon.in/dp/B0D49SFPF9,B0D49SFPF9,R for Rabbit 750 ml Tritan Bear Premium Baby Water Sipper for Kids | BPA Free & Non Toxic Leak Proof Drinking Silicone Straw Sippy Cup for 12+ Months Baby Boy and Girl (Black),R for Rabbit,FBA,Baby,1286,Sippy Cups,582.0,-11.0,114,,66918.0,239,4.1,RK World Infocom Pvt Ltd,1,,,Standard Size,4.02,4.72,7.05,0.53,,,06/01/2024,2,7,11,0.48,587.0,237.5,True,False,>500,Low,Small,False,Flexible,True,False,Less
https://amazon.in/dp/B0CQHRJ4YD,B0CQHRJ4YD,"GLOWSERIES Cute Owl Kids Lamp,USB Rechargeable Cute Animal Lamps 7 Color Changing LED Portable Touch Lamp Children Room Desk Decor Birthday Gifts for Baby Kids Women Teenager",GLOWSERIES,FBA,Baby,482,Baby Room Décor,799.0,-37.0,202,44.0,161398.0,145,4.5,AISHA IMPEX,1,,,Standard Size,4.02,4.41,5.94,0.53,,,07/01/2024,-,9,19,1.39,799.0,145.32374100719426,True,False,>500,Low,Small,False,Flexible,True,False,Less
https://amazon.in/dp/B0CZJLG231,B0CZJLG231,"IMNISHNAY Night Light Pear Cute LED Nursery Nightlight Lamp, Tap Control Squishy Silicone, USB Rechargeable Bedside Lamp for Bedroom, Warm White & 7 Colors, Christmas Gift for Kids Girls Boys (Pear)",IMNISHNAY,FBA,Baby,879,Baby Room Décor,949.0,-8.0,154,29.0,146146.0,273,4.0,IMNISHNAY,1,,,Standard Size,3.9,4.45,5.16,0.53,,,07/01/2024,3,8,33,0.56,949.0,275.0,True,False,>500,Low,Small,False,Flexible,True,False,Less
https://amazon.in/dp/B0D6KQM9YP,B0D6KQM9YP,GLOWSERIES Rabbit Lamp Touch Dimming Bedside Lights Bunny Lamp Tap Lights Kids Night Lights Nursery Night Light Touch Light Kid Night Light,GLOWSERIES,FBM,Baby,455,Baby Room Décor,598.0,-55.0,200,,119600.0,145,4.5,PRIYANSHI JARI,2,,,Standard Size,4.17,4.72,6.69,0.42,,,07/01/2024,1,9,19,1.38,598.0,144.92753623188406,True,False,>500,Low,Small,False,Flexible,True,False,Less
https://amazon.in/dp/B0D4MLZYWT,B0D4MLZYWT,"Antson Double Sided Water Proof Baby Play Mat, Baby Play Mat Waterproof Portable Double Side Soft Reversible and Foldable Foam for Toddler, Infant & Kids (Large Biggest Size - 6.5 Feet X 5 Feet)",Antson,FBA,Baby,198,Playmats & Floor Gyms,794.0,-23.0,142,,112748.0,462,4.5,RK World Infocom Pvt Ltd,1,,,Standard Size,3.86,15.67,35.35,1.98,,,07/01/2024,1,9,0,0.31,794.0,458.06451612903226,True,False,>500,Low,Small,False,Flexible,True,False,Less
https://amazon.in/dp/B0CV5W4FBQ,B0CV5W4FBQ,"R for Rabbit Waterproof Quick Dry Sheet for Baby | Anti-Piling Fleece Extra Absorbent Instant Dry Sheet for Baby Bed | Baby Cot Protector sheet | Baby Bed Protector (Size-M,Green)",R for Rabbit,FBA,Baby,276,Crib Mattress Protection,317.0,16.0,317,69.0,98587.0,101,4.1,RK World Infocom Pvt Ltd,1,,,Standard Size,2.09,7.64,10.51,0.44,,,07/01/2024,2,5,18,3.3,311.0,96.06060606060606,True,False,>500,Low,Small,False,Flexible,True,False,Less
https://amazon.in/dp/B0CG3L5S7X,B0CG3L5S7X,"Bummy PANTS Super Dry Leakage Proof Technology Baby Diaper –Medium (M) Size, 72 Count, Super Absorbent 5D Cross Core with Anti Rash dual Layer Up to 12 Hrs Protection, Pack of 1, 5-11kg",BUMMY PANTS,FBM,Baby,425,Diaper Pants,521.55,-10.0,287,67.0,149684.85,121,3.5,BUMMY PANTS,1,,,Standard Size,14.57,10.63,4.72,3.66,,,07/01/2024,3,6,48,2.37,521.5500000000001,121.0970464135021,True,False,>500,Low,Small,False,Flexible,True,False,Less
https://amazon.in/dp/B0CJNPSBDM,B0CJNPSBDM,Jr. Sr. Baby Diaper| Small | 4-8 Kg | 78 Counts | Pack Of 1,Jr. Sr.,FBA,Baby,450,Diaper Pants,529.0,72.0,217,-37.0,114793.0,244,3.8,RK World Infocom Pvt Ltd,2,,,Standard Size,5.87,12.4,16.5,3.81,,,05/01/2024,4,6,15,0.89,529.0,243.82022471910113,True,False,>500,Low,Small,False,Flexible,True,False,Less
https://amazon.in/dp/B0CV4B5YK7,B0CV4B5YK7,The Good Bug Squat Buddy | Squat Potty | Bathroom Stool | Potty Stool for Adults | Thickened Plastic Toilet Footstool | Western Toilet | Scientific Angle | Anti Slip | 19 cm Height | Matt Black,The Good Bug,FBM,Baby,448,Step Stools,628.0,-2.0,235,-5.0,147580.0,330,4.1,Seven Turns,1,,,Standard Size,7.87,18.9,7.09,0.0,,,03/01/2024,5,6,4,0.71,628.0,330.98591549295776,True,False,>500,Low,Small,False,Flexible,True,False,Less
https://amazon.in/dp/B0CYL8F39W,B0CYL8F39W,"GLOWSERIES Cat Gifts Baby Gifts, Colors Changing Silicone Cat Night Light Cat Decor, Baby Room Decor Lamp, Portable Rechargeable Cat Lamp, Kawaii Christmas Gifts for Teen Girls",GLOWSERIES,FBA,Baby,482,Baby Room Décor,949.0,,203,45.0,192647.0,145,4.5,CYMNIX,1,,,Standard Size,3.27,4.49,6.38,0.44,,,07/01/2024,2,9,19,1.4,949.0,145.0,True,False,>500,Low,Small,False,Flexible,True,False,Less
https://amazon.in/dp/B0CV5RZXN5,B0CV5RZXN5,"R for Rabbit Waterproof Quick Dry Sheet for Baby | Anti-Piling Fleece Extra Absorbent Instant Dry Sheet for Baby Bed | Baby Cot Protector sheet | Baby Bed Protector (Size-L,Grey)",R for Rabbit,FBA,Baby,276,Crib Mattress Protection,561.0,-2.0,317,70.0,179739.0,101,4.1,RK World Infocom Pvt Ltd,1,,,Standard Size,2.2,9.76,14.57,0.82,,,07/01/2024,2,5,18,3.3,567.0,96.06060606060606,True,False,>500,Low,Small,False,Flexible,True,False,Less
https://amazon.in/dp/B08C4ZRNQ1,B08C4ZRNQ1,"Koochie-Koo Cotton Hosiery Washable Reusable Nappy, Diaper, Langot, Extra Absorbent With Wide Cushion/Padding, For Baby (Multi, 8 To 12 Months-L), 6 Count",Koochie-Koo,FBA,Baby,838,Cloth Diapers,540.0,2.0,133,-13.0,75677.0,304,4.0,wishkey,1,1371.0,21.0,Standard Size,2.36,7.4,8.58,0.37,,,06/01/2024,48,6,4,0.45,569.0,295.55555555555554,True,False,>500,Low,Small,False,Flexible,True,False,Less
https://amazon.in/dp/B0C1VTRZLV,B0C1VTRZLV,"haus & kinder R 100% Cotton Reversible Muslin Blanket For Newborn Baby Boy And Girl, Triple Layer Blanket 0-3 Years, Size- 120 Cm X 120 Cm (Roarsome, Yellow), 200 TC",haus & kinder,FBA,Baby,485,Blankets,799.0,2.0,214,-2.0,192386.0,207,4.6,Samara Retail,1,2087.0,,Standard Size,2.36,8.5,10.47,1.1,,,03/01/2024,14,9,18,1.05,899.0,203.8095238095238,True,False,>500,Low,Small,False,Flexible,True,False,Less
https://amazon.in/dp/B0CCP1S9KN,B0CCP1S9KN,"SNUGKINS Unisex Baby Unisex Baby Snug Potty Training Pull-Up Pants For Babies/Toddlers/Kids|100% Pure Cotton|Washable & Reusable|(Size 1, Fits 1-2 Years)|Pack Of 2 - Evil Eye & Watermelon",SNUGKINS,FBM,Baby,758,Diaper Pants,498.0,,128,49.0,63744.0,194,3.3,Snugkins,1,,,Standard Size,2.64,3.43,6.93,0.33,,,07/01/2024,-,6,102,0.68,498.0,188.23529411764704,True,False,>500,Low,Small,False,Flexible,True,False,Less
https://amazon.in/dp/B0C3RWC542,B0C3RWC542,"SNUGKINS Unisex-Child Cotton Multicolor Snug Potty Training Pull-Up Pants For Babies/Toddlers/Kids. Reusable Padded Underwear (3 Years-4 Years, Pack Of 3 - Farm & Kindergarten Tales)",SNUGKINS,FBA,Baby,738,Diaper Pants,729.0,13.0,128,49.0,93312.0,194,3.3,Snugkins,2,,,Standard Size,2.68,3.39,7.28,0.33,,,07/01/2024,11,4,102,0.68,729.0,188.23529411764704,True,False,>500,Low,Small,False,Flexible,True,False,Less
https://amazon.in/dp/B0CSDQQ5VC,B0CSDQQ5VC,"SNUGKINS Snug Potty Training Pull-up Pants for Babies/Toddlers/Kids | 100% Pure Cotton | Washable & Reusable | (Size 0, Fits 9-12 Months) | Watermelon & Whale Pack of 2",SNUGKINS,FBM,Baby,738,Diaper Pants,498.0,,128,52.0,63744.0,194,3.3,Snugkins,1,,,Standard Size,1.22,7.72,9.21,0.2,,,07/01/2024,-,6,102,0.68,498.0,188.23529411764704,True,False,>500,Low,Small,False,Flexible,True,False,Less
https://amazon.in/dp/B0CL7856TB,B0CL7856TB,"SNUGKINS Snug Potty Training Pants Babies/Toddlers/Kids (Size 1, 1-2 Years) - Pack of 2",SNUGKINS,FBM,Baby,738,Diaper Pants,498.0,,128,49.0,63744.0,194,3.3,Snugkins,1,,,Standard Size,1.77,4.61,7.05,0.24,,,07/01/2024,-,4,102,0.68,498.0,188.23529411764704,True,False,>500,Low,Small,False,Flexible,True,False,Less
https://amazon.in/dp/B0C19MGNJV,B0C19MGNJV,"GLOWSERIES Cute Dinosaurs for Baby Room Decor, 7 Colors Kids Lamp for Bedroom Lamp, Silicone Dinosaur Room Decor for Boys Night Light Lamp, USB Rechargeable Battery Night Lamp",GLOWSERIES,FBA,Baby,482,Baby Room Décor,641.0,-5.0,202,43.0,129482.0,144,4.5,AISHA IMPEX,2,,,Standard Size,4.02,6.02,6.38,0.66,,,07/01/2024,13,9,19,1.4,641.0,144.2857142857143,True,False,>500,Low,Small,False,Flexible,True,False,Less
https://amazon.in/dp/B0CCDW761T,B0CCDW761T,"Cherilo Memory Foam Pillow for Kids Provide Extra Neck Support with Removable Pillow Cover, Fancy Triangles Pattern - White, Suitable for 1 Year & above - 20.5"" x 11.5"" x 2.5""",Cherilo,FBA,Baby,850,Back & Body Supports,929.0,,159,18.0,150255.0,206,4.5,RK World Infocom Pvt Ltd,2,,,Standard Size,1.89,12.76,18.19,0.93,,,07/01/2024,10,6,8,0.78,945.0,203.84615384615384,True,False,>500,Low,Small,False,Flexible,True,False,Less
https://amazon.in/dp/B0C6TRRMJM,B0C6TRRMJM,haus & kinder 3 in 1 Baby Sleeping Bag & Carry Nest | Cotton Bedding Set for Infants & New Born Baby | Portable/Travel & Skin Friendly | 0-6 Months (Polka Dot),haus & kinder,FBA,Baby,546,Sleeping Bag,649.0,26.0,182,-1.0,127218.0,263,4.2,Samara Retail,1,2017.0,,Standard Size,4.72,13.94,19.41,1.15,,,10/01/2023,12,8,5,0.73,699.0,249.3150684931507,True,False,>500,Low,Small,False,Flexible,True,False,Less
https://amazon.in/dp/B0BZSL9PC9,B0BZSL9PC9,"Cherilo Standard Elevated Wedge Baby Pillows for New Born, Pillow for Kids, Crib & Mattress, Prevents Acid Reflux, Colic, GERD, Heat Burn & Vomiting, 14"" x 19"" x 3.5"", with Cover, Star Design, Blue",Cherilo,FBA,Baby,781,Back & Body Supports,929.0,,151,3.0,147225.0,223,4.1,RK World Infocom Pvt Ltd,2,1660.0,,Standard Size,3.54,15.12,19.69,0.82,,,07/01/2024,12,9,28,0.68,975.0,222.05882352941174,True,False,>500,Low,Small,False,Flexible,True,False,Less
https://amazon.in/dp/B0BC261NDJ,B0BC261NDJ,SuperBottoms BASIC Assorted Pack of 2 CPSIA Certified Cotton Cloth Diapers For Baby | Washable & Reusable | 0-3 Years | Freesize | Adjustable | Reduces Rash | With Quick Dry Pad/Insert,superbottoms,FBA,Baby,985,Cloth Diapers,550.0,20.0,154,-37.0,89166.0,324,3.6,Navashya Consumer Products Private Limited,1,4410.0,,Standard Size,3.31,6.61,7.87,0.66,,,10/01/2023,12,7,6,0.48,579.0,320.83333333333337,True,False,>500,Low,Small,False,Flexible,True,False,Less
https://amazon.in/dp/B0C3MF3K4L,B0C3MF3K4L,Mahaveer Cotton Organic Cotton Muslin Pack of 2 Baby Bath Towel 120 cm X 120 cm_ Wave Polka & Multi Triangle,Mahaveer Cotton,FBA,Baby,405,Bath Towels & Wash Cloths,499.0,,233,-9.0,116267.0,194,4.4,Mahaveer-Cotton,1,2403.0,,Standard Size,2.83,6.26,7.91,0.79,,,05/01/2024,14,6,28,1.2,499.0,194.16666666666669,True,False,>500,Low,Small,False,Flexible,True,False,Less
https://amazon.in/dp/B0BVBDTFRT,B0BVBDTFRT,"Amazon Brand - Supples Alphabet Theme Reversible Mat for Babies, Double Sided, Waterproof, Soft Cushioning, Portable, Baby Safe (Multicolour)",Supples,FBA,Baby,655,Playmats & Floor Gyms,628.0,-35.0,143,107.0,89804.0,149,3.6,RK World Infocom Pvt Ltd,1,1220.0,,Standard Size,2.76,15.43,35.43,1.68,,,07/01/2023,13,7,3,0.96,628.0,148.95833333333334,True,False,>500,Low,Small,False,Flexible,True,False,Less
https://amazon.in/dp/B0BWYX9LNP,B0BWYX9LNP,"Natural.Toys Wood Teether Combo (Dumbbell Rattler + Mouse Teether + Bird Teether + 75Mm Ring + Two Peg Dolls + Purple Toy Car), Infant",Natural.Toys,FBA,Baby,573,Teethers,498.0,5.0,178,15.0,88822.0,196,3.5,ParasOnline,1,1136.0,,Standard Size,2.2,4.88,6.97,0.64,,,06/01/2024,4,5,3,0.94,499.0,189.36170212765958,True,False,>500,Low,Small,False,Flexible,True,False,Less
https://amazon.in/dp/B0C7W1NYNZ,B0C7W1NYNZ,"Safemyles Foldable Baby Mosquito Net, Bottomless Net for Baby, for Safe & Easy Use | Ensures Your Baby's Safe Sleep - (0 to 24 Months) - Ocean Green",Lifekrafts,FBA,Baby,700,Mosquito Protection,829.0,,226,115.0,187354.0,315,4.4,LifeKrafts,1,1487.0,,Standard Size,1.69,26.54,27.87,2.98,,,07/01/2024,12,6,6,0.75,829.0,301.3333333333333,True,False,>500,Low,Small,False,Flexible,True,False,Less
https://amazon.in/dp/B0BZSJQ7HK,B0BZSJQ7HK,"Cherilo Standard Elevated Wedge Pillow for Baby Crib & Mattress, Helps to Elevate Baby for Acid Reflux, Colic, GERD, Heat Burn & Vomiting | 14"" x 19"" x 3.5"" | - With Removable Velvet Cover - Navy Blue",Cherilo,FBA,Baby,773,Back & Body Supports,928.0,-1.0,153,8.0,142290.0,223,4.1,RK World Infocom Pvt Ltd,2,1643.0,,Standard Size,3.86,14.65,19.69,0.84,,,07/01/2024,7,9,28,0.69,930.0,221.73913043478262,True,False,>500,Low,Small,False,Flexible,True,False,Less
https://amazon.in/dp/B0C33YZZ4J,B0C33YZZ4J,"Nat Habit 100% Pure Virgin Coconut Baby Oil For Baby Skin & Hair, Enriched With Vit E & Omega-3, 6 Non-Refined, LLP Free, Chemical & Preservative Free - 200 ml",Nat Habit,FBA,Baby,281,Oils,452.0,-3.0,278,4.0,136498.0,354,4.4,RK World Infocom Pvt Ltd,1,2462.0,,Standard Size,1.18,2.36,4.72,0.51,,,07/01/2024,11,6,10,0.8,491.0,347.5,True,False,>500,Low,Small,False,Flexible,True,False,Less
https://amazon.in/dp/B0C49JM93L,B0C49JM93L,"SuperBottoms Pillow Cover for Rai/Mustard Seed Pillow | Pack of 2 Pillow Covers | Premium Modal Fabric, Extra Soft | Extra Long Secure Flaps for Newborn Baby | 0-12m, 31x21cm for Gifting",superbottoms,FBA,Baby,902,Back & Body Supports,598.0,1.0,158,38.0,110442.0,123,4.1,Navashya Consumer Products Private Limited,3,1944.0,,Standard Size,3.23,6.81,7.13,0.29,,,09/01/2023,4,5,11,1.28,699.0,123.4375,True,False,>500,Low,Small,False,Flexible,True,False,Less
https://amazon.in/dp/B0C3MDRH66,B0C3MDRH66,"Mahaveer Cotton Organic Cotton Muslin Pack Of 2 Baby Bath Towel 120 Cm X 120 Cm,400 Tc_ Zig Zag Blue & Grey",Mahaveer Cotton,FBA,Baby,438,Bath Towels & Wash Cloths,499.0,,232,-5.0,115768.0,194,4.4,Mahaveer-Cotton,1,2383.0,,Standard Size,2.28,6.46,8.23,0.84,,,05/01/2024,14,6,28,1.2,499.0,193.33333333333334,True,False,>500,Low,Small,False,Flexible,True,False,Less
https://amazon.in/dp/B0C3XRD1YR,B0C3XRD1YR,"Baybee Silicone Food Feeder for Baby, Feeding Bottle with Spoon Feeder | feeding spoon bottle for Semi-Solid Food, Cereals, Fruit Food Feeder with Anti-Colic & BPA Free for Infants | Baby Squeezy Food Feeder For Baby 3+ Months (Green)",BAYBEE,FBA,Baby,844,Bottles,379.0,1.0,107,3.0,42693.0,122,4.3,GALAXY INCORPORATION,1,1098.0,,Standard Size,1.97,4.29,10.55,0.24,,,07/01/2023,14,8,4,0.88,399.0,121.5909090909091,True,False,>500,Low,Small,False,Flexible,True,False,Less
https://amazon.in/dp/B0BWQ3Y3SS,B0BWQ3Y3SS,"LuvLap 4 in 1 Slim Neck Steel Baby Bottle Cum Sipper with Handle, Made of SS304 Rust Free Steel, BPA Free, Odour Free, Anti Colic Nipple, Spout, Weighted Straw & Cap, Pink, 3M+, 240 ml",LuvLap,FBA,Baby,526,Sippy Cups,847.0,-3.0,179,16.0,151971.0,179,3.6,RK World Infocom Pvt Ltd,5,1414.0,,Standard Size,1.46,3.78,8.58,0.42,,,06/01/2024,16,6,4,1.08,849.0,165.74074074074073,True,False,>500,Low,Small,False,Flexible,True,False,Less
https://amazon.in/dp/B0BWYZ8MG6,B0BWYZ8MG6,Natural.Toys Natura.Toys Neem Wooden Teether For Infant Combo (Dumbbell Rattler + Mouse Teether + Bird Teether + 75Mm Ring),Natural.Toys,FBA,Baby,590,Teethers,398.0,4.0,178,11.0,97722.0,196,3.5,ParasOnline,1,1601.0,,Standard Size,2.13,4.92,7.17,0.4,,,06/01/2024,13,4,3,0.91,549.0,195.6043956043956,True,False,>500,Low,Small,False,Flexible,True,False,Less
https://amazon.in/dp/B0BTSPMT66,B0BTSPMT66,"BAYBEE Baby Bedding Set for New Born Baby, Bed Mattress with Mosquito Net, Neck Pillow & 2 Bolsters Sleeping Nest Travel Bed for Baby Infant Toddler Bed Set for Baby Boy Girl 0-6 Months",BAYBEE,FBA,Baby,888,Baby Nests,689.0,17.0,142,-16.0,99258.0,371,4.2,GALAXY INCORPORATION,1,1967.0,,Standard Size,15.75,7.87,3.94,1.76,,,11/01/2023,17,8,9,0.39,699.0,364.1025641025641,True,False,>500,Low,Small,False,Flexible,True,False,Less
https://amazon.in/dp/B0BSS4R3ZW,B0BSS4R3ZW,"Mom's Darling Cotton Nappies for new born baby 0-6 months (Pack of 12) | Cotton baby langot | Soft, washable & reusable cloth diaper for new born baby| New born baby products/essentials | Multicolor.",MOM'S DARLING,FBM,Baby,1197,Cloth Diapers,499.0,26.0,132,-24.0,65868.0,341,4.0,B N  HOSIERY,1,2020.0,,Standard Size,2.28,6.06,7.01,0.51,,,09/01/2023,1,9,6,0.4,499.0,330.0,True,False,>500,Low,Small,False,Flexible,True,False,Less
https://amazon.in/dp/B0CN9Q49HX,B0CN9Q49HX,"EMBOSSED Mosquito Net for Bed Heavy Quality HDPE NET King Size Queen Size Premium Machardani I Strong and Durable I Protection for Baby Insect Protection Net (Golden Yellow, 6 x 7)",EMBOSSED,FBM,Baby,1021,Mosquito Protection,649.0,,141,37.0,91509.0,125,4.2,SUMAN SADHNA ENTERPRISES,1,,,Standard Size,4.33,1.18,5.91,0.99,,,03/01/2024,8,8,18,1.15,649.0,122.60869565217392,True,False,>500,Low,Small,False,Flexible,True,False,Less
https://amazon.in/dp/B0CNWC5ZBM,B0CNWC5ZBM,"MAXOSHINE Microfiber Kids Bath Towels Quick Dry Super Absorbent Super Soft Bath Towel for Babies Toddler-Baby Towel for Boys and Girls (Purple/Green, Pack of 2)",MAXOSHINE,FBA,Baby,658,Bath Towels & Wash Cloths,749.0,,181,-3.0,142809.0,129,4.5,Emartinternational,1,,,Standard Size,2.72,9.65,13.7,1.32,,,07/01/2024,6,7,8,1.45,789.0,124.82758620689656,True,False,>500,Low,Small,False,Flexible,True,False,Less
https://amazon.in/dp/B0CPLYVXXX,B0CPLYVXXX,"LuvLap 360° Soft Spout Baby Trainer Sipper, 240ml, Dual handle Leakproof & spillproof sippy cup for babies/toddlers/kids, Easy-Grip Handles, BPA-Free, Ergonomic design, Brown",LuvLap,FBA,Baby,1059,Sippy Cups,371.0,9.0,113,-65.0,43957.0,118,4.2,RK World Infocom Pvt Ltd,1,,,Standard Size,3.9,3.94,6.5,0.26,,,04/01/2024,-,5,3,0.98,389.0,115.3061224489796,True,False,>500,Low,Small,False,Flexible,True,False,Less
https://amazon.in/dp/B0CP9S9YK2,B0CP9S9YK2,"SNUGKINS Snug Potty Training Pull-up Pants for Babies/Toddlers/Kids | 100% Pure Cotton | Washable & Reusable | (Size 3, Fits 3-4 Years) | Pack of 2",SNUGKINS,FBM,Baby,753,Diaper Pants,498.0,,128,49.0,63744.0,194,3.3,Snugkins,1,,,Standard Size,2.05,4.49,6.77,0.31,,,07/01/2024,-,4,102,0.68,498.0,188.23529411764704,True,False,>500,Low,Small,False,Flexible,True,False,Less
https://amazon.in/dp/B07WMNLQR2,B07WMNLQR2,"Mom & World Mineral Based Kids Sunscreen Spray SPF 50, Water Resistant, UVA/UVB PA+++, 120ml - Safe for Baby and Kids",MOM & WORLD,FBA,Baby,783,Sunscreen,331.0,3.0,129,-58.0,45021.0,366,4.0,Emmbros Overseas,1,1313.0,69.0,Standard Size,1.73,2.17,6.77,0.35,,,05/01/2024,59,7,6,0.36,349.0,358.33333333333337,True,False,>500,Low,Small,False,Flexible,True,False,Less
https://amazon.in/dp/B098R3VF5R,B098R3VF5R,"First Kick Baby Cotton Bath Towels New Born Combo Pack Of Hooded Soft Wrapping Towel Pack Of 2(70 Cm X 66 Cm) Set Of 2, Pink",First Kick,FBA,Baby,1595,Bath Towels & Wash Cloths,349.0,2.0,102,11.0,29988.0,371,3.9,Brandonn,1,1065.0,,Standard Size,3.15,8.94,9.41,0.86,,,08/01/2022,36,7,8,0.28,294.0,364.2857142857143,True,False,>500,Low,Small,False,Flexible,True,False,Less
https://amazon.in/dp/B09KQ1FJ6N,B09KQ1FJ6N,"Luxurin Swing For Kids Baby Jhula Foldable,Portable Swing For 0-3 Years Babies W/ Safety Belt Gentle Soft Cover W/ Reliance Filler For Soft Skin Hanging Indoor Outdoor Swing. (Blue)-Cotton,35 Cm,4 Cm",LUXURIN,FBM,Baby,1539,Swings,529.0,12.0,110,23.0,58190.0,137,4.1,LUXURIN Enterprises,1,727.0,103.0,,6.61,1.65,13.86,,,,07/01/2024,33,6,2,0.83,529.0,132.53012048192772,True,True,>500,Low,Small,False,Flexible,True,False,Less
https://amazon.in/dp/B09JBTCZ31,B09JBTCZ31,"HABER Traditional Baby Muslin Bath Towel Organic Indian Cotton 4 Layer, Eco-Conscious & Safe Printed Muslin Cloth Towels (70x70cm, White & White)",HABER,FBA,Baby,698,Bath Towels & Wash Cloths,499.0,,144,7.0,71856.0,186,4.3,Haber Living,1,1849.0,-16.0,Standard Size,1.93,5.31,7.2,0.37,,,09/01/2022,33,7,10,0.78,499.0,184.6153846153846,True,False,>500,Low,Small,False,Flexible,True,False,Less
https://amazon.in/dp/B09G6JRBJV,B09G6JRBJV,MOM CARE Newborn Baby Gift Set Has All Newborn Baby Essential Clothes in Baby Gift Set for or Girls Unisex 11 pcs Blue,MOM CARE,FBA,Baby,536,Gift Packs,917.0,1.0,179,35.0,178284.0,180,4.1,MOM CARE,1,1857.0,75.0,Standard Size,17.32,11.81,1.18,1.32,,,12/01/2023,33,8,15,1.02,996.0,175.49019607843138,True,False,>500,Low,Small,False,Flexible,True,False,Less
https://amazon.in/dp/B08WY4HZVT,B08WY4HZVT,"Liberty Popular Adult Diapers, Tape Style, Large (L) Size, 30 Count, Waist Size (101-152cm | 40-60 inches), Unisex, High Absorbency, Leak Proof, Wetness Indicator, Pack of 3, 10 Count/Pack",Liberty,FBA,Baby,1349,Diaper Pants,702.0,10.0,138,-53.0,96876.0,101,4.2,RK World Infocom Pvt Ltd,4,10849.0,32.0,Standard Size,9.72,11.34,19.65,5.84,,,03/01/2024,40,9,0,1.37,702.0,100.72992700729927,True,False,>500,Low,Small,False,Flexible,True,False,Less
https://amazon.in/dp/B07ZB4SDJ5,B07ZB4SDJ5,SYGA 110 cm Baby Swaddle Reversible Blanket 6 Layer Muslin 100% Cotton Stroller Cover Receiving Blankets_CrownPink,SYGA,FBM,Baby,788,Swaddlers,629.0,2.0,133,28.0,84588.0,224,4.2,SYGA,2,1293.0,28.0,Standard Size,2.36,11.69,17.63,0.95,,,07/01/2024,55,7,2,0.59,636.0,225.42372881355934,True,False,>500,Low,Small,False,Flexible,True,False,Less
https://amazon.in/dp/B088Q989GB,B088Q989GB,MOM CARE Muslin Cotton Burping Towels for Newborn Baby Extra Soft Large Hankies Reusable Napkins for Infants Toddlers (pack of 5) White,MOM CARE,FBA,Baby,425,Bath Towels & Wash Cloths,550.0,-1.0,219,3.0,120450.0,422,4.6,MOM CARE,1,3229.0,11.0,Standard Size,1.85,9.13,12.8,0.44,,,04/01/2024,49,9,4,0.52,550.0,421.15384615384613,True,False,>500,Low,Small,False,Flexible,True,False,Less
https://amazon.in/dp/B081NCDTB7,B081NCDTB7,"Bambo Nature Premium Baby Diapers - Large Size, 24 Count, for Toddler Baby - Super Absorbent with a Wetness Indicator",Bambo Nature,FBA,Baby,973,Diaper Pants,999.0,1.0,147,-7.0,146853.0,297,4.3,ATB Brands,1,3063.0,-2.0,Standard Size,4.49,8.19,10.22,1.68,,,12/01/2022,50,7,0,0.49,999.0,300.0,True,False,>500,Low,Small,False,Flexible,True,False,Less
https://amazon.in/dp/B088PQTMBK,B088PQTMBK,"Maate Baby Body Wash (250 ml) | With Ayurvedic Herbs Beetroot, Manjistha & Neem extracts | Body Wash for Dry & Sensitive Skin | Natural & Vegan | Tear-free & pH Balanced | Soap Free | Body Wash",MAATE,FBA,Baby,1651,Body Washes,520.0,-15.0,111,5.0,62715.0,243,4.2,maate,2,1306.0,87.0,Standard Size,2.6,2.64,7.01,0.77,,,01/01/2024,49,8,6,0.46,565.0,241.30434782608694,True,False,>500,Low,Small,False,Flexible,True,False,Less
https://amazon.in/dp/B089T7JC8F,B089T7JC8F,"Laerdal Silicone Feeding Cup, Transparent",Laerdal,FBM,Baby,1193,Sippy Cups,495.0,3.0,119,25.0,58905.0,171,4.0,True Healthcare Services,4,536.0,3250.0,Standard Size,3.94,3.94,3.94,0.22,,,06/01/2024,48,2,0,0.7,495.0,170.0,True,True,>500,Low,Small,False,Flexible,True,False,Less
https://amazon.in/dp/B093VY81S2,B093VY81S2,Shopoflux® Swing for Kids | Baby Swing hanging Indoor Outdoor | Kids Swing | Jhula for Baby | Baby Garden Swing | Jhula for Kids | (6 Months to 3 Years) (Up to 25 kg) (Maroon),SHOPOFLUX,FBA,Baby,636,Swings,854.0,4.0,162,-1.0,145638.0,248,4.3,Shopoflux,1,2048.0,0.0,Standard Size,3.7,12.71,13.15,2.25,,,06/01/2023,38,6,6,0.66,899.0,245.45454545454544,True,False,>500,Low,Small,False,Flexible,True,False,Less
https://amazon.in/dp/B07QWHJMTK,B07QWHJMTK,"BRANDONN New Born Baby Wrapper, Blanket, Soft Towel for Baby Boys and Baby Girls, Fleece, Pink",BRANDONN,FBA,Baby,679,Blankets,349.0,-7.0,170,-3.0,46580.0,274,4.2,Brandonn,1,2192.0,68.0,Standard Size,2.68,9.49,11.65,0.44,,,09/01/2023,63,3,19,0.63,274.0,269.8412698412698,True,False,>500,Low,Small,False,Flexible,True,False,Less
https://amazon.in/dp/B09X77Q9FS,B09X77Q9FS,"BRANDONN New Born Baby Blankets All Season Fluffy 2 Layered AC Wrapping Sheet Flannel and Sherpa Blanket for Baby Boys and Baby Girls, Toddlers 130 cm x 105 cm, (3-24 Months)(Lightweight)",BRANDONN,FBA,Baby,442,Blankets,580.0,-3.0,221,67.0,135031.0,166,4.4,Brandonn,1,2569.0,-4.0,Standard Size,5.94,8.98,11.18,1.17,,,11/01/2023,28,5,12,1.33,611.0,166.16541353383457,True,False,>500,Low,Small,False,Flexible,True,False,Less
https://amazon.in/dp/B01N6GRN33,B01N6GRN33,"Sebamed Baby Lotion, 100ml",SebaMed,FBM,Baby,1087,Lotions,499.0,,114,127.0,56886.0,118,4.5,India xpress,5,1090.0,8.0,Standard Size,1.34,2.28,5.31,0.29,,,12/01/2023,26,7,0,0.97,499.0,117.5257731958763,True,False,>500,Low,Small,False,Flexible,True,False,Less
https://amazon.in/dp/B0B5N6TC6R,B0B5N6TC6R,"BONIRY Baby Nail Trimmer,Baby Nail Clippers Safe for Newborn Toddler Adult Toes Fingernails Care Trim Kit 6 Grinding Heads,Baby Grooming kit for Baby Care kit for New Born, (Yellow)",Boniry,FBA,Baby,1119,Nail Care,310.0,2.0,108,-12.0,33480.0,467,3.6,Boniry Store,1,1768.0,,Standard Size,1.34,2.83,3.86,0.13,,,11/01/2022,25,9,11,0.23,310.0,469.5652173913043,True,False,>500,Low,Small,False,Flexible,True,False,Less
https://amazon.in/dp/B0B7XHLM4M,B0B7XHLM4M,"Maate Baby Shampoo (400 ml) | Deep Cleanses, Nourishes Scalp & Hair | With Ayurvedic Herbs like Shikakai & Amla | Baby Shampoo For Kids 0-12 Years | Baby Hair Shampoo | Tear Free & Chemical Free",MAATE,FBA,Baby,1659,Baby Shampoos,749.0,-12.0,120,41.0,95880.0,415,4.2,maate,5,1184.0,,Standard Size,3.03,3.07,8.39,1.1,,,07/01/2024,24,8,5,0.29,799.0,413.7931034482759,True,False,>500,Low,Small,False,Flexible,True,False,Less
https://amazon.in/dp/B09MK72BX6,B09MK72BX6,Softsens Baby Gentle Cloth Wipes for Baby Skin Enriched with Aloe Vera & Vitamin E I Dermatologically Tested & Parben Free with Lid - 72 wipes (Pack of 5),Softsens,FBA,Baby,416,Wet Wipes,320.0,1.0,303,77.0,96960.0,221,4.2,Softsens,3,2444.0,38.0,Standard Size,4.33,8.82,11.18,3.97,,,07/01/2024,32,9,6,1.37,320.0,221.16788321167883,True,False,>500,Low,Small,False,Flexible,True,False,Less
https://amazon.in/dp/B09X78DGRB,B09X78DGRB,"BRANDONN New Born Baby Blankets All Season Fluffy 2 Layered AC Wrapping Sheet Flannel and Sherpa Blanket for Baby Boys and Baby Girls, Toddlers 130 cm x 105 cm, (3-24 Months) (Lightweight)",BRANDONN,FBA,Baby,453,Blankets,580.0,-4.0,220,65.0,134420.0,175,4.3,Brandonn,1,2576.0,-4.0,Standard Size,5.59,9.88,11.26,1.12,,,11/01/2023,28,5,12,1.27,611.0,173.22834645669292,True,False,>500,Low,Small,False,Flexible,True,False,Less
https://amazon.in/dp/B0B45VRBV7,B0B45VRBV7,"TERI BERI Muslin Cotton Face Towels for Newborn Baby Extra Soft Hankies Reusable Napkins for Infants Toddlers (Pack of 5, White, 200 GSM)",TERI BERI,FBA,Baby,931,Bath Towels & Wash Cloths,375.0,1.0,136,-12.0,51000.0,426,4.5,Teri Beri,1,2191.0,68.0,Standard Size,1.42,6.65,9.57,0.24,,,01/01/2024,25,6,0,0.32,375.0,425.0,True,False,>500,Low,Small,False,Flexible,True,False,Less
https://amazon.in/dp/B0B7X7KGGL,B0B7X7KGGL,"Maate Baby Body Wash (400 ml) | With Ayurvedic Herbs Beetroot, Manjistha & Neem extracts | Body Wash for Dry & Sensitive Skin | Natural & Vegan | Tear-free & pH Balanced | Soap Free | Body Wash",MAATE,FBA,Baby,1437,Body Washes,749.0,-16.0,114,12.0,79686.0,243,4.2,maate,4,1330.0,109.0,Standard Size,2.99,3.03,12.6,1.98,,,01/01/2024,24,8,6,0.47,699.0,242.55319148936172,True,True,>500,Low,Small,False,Flexible,True,False,Less
https://amazon.in/dp/B09Z2WVVF1,B09Z2WVVF1,"KRADYL KROFT Toddler Pillow with 100% Cotton Removable Cover - 20 X 15 Inches | Children Pillows | Baby Pillows Happy Zoo, Multicolored",KRADYL KROFT,FBA,Baby,1105,Back & Body Supports,699.0,11.0,105,56.0,73395.0,297,4.3,AkroBon,2,1152.0,-4.0,Standard Size,17.72,13.78,1.18,1.98,,,08/01/2023,25,7,78,0.35,699.0,300.0,True,False,>500,Low,Small,False,Flexible,True,False,Less
https://amazon.in/dp/B0BBSPCMMF,B0BBSPCMMF,"MOMITTLE Kids Safety Belt For Two Wheeler With Reflective Strips,Portable Seat Belt Children Motorcycle Harness For Motorcycle Bike,Adjustable Safety Harness For Boys Girls (2-12Years), Green",MOMITTLE,FBA,Baby,746,Safety Harnesses,669.0,,150,118.0,100350.0,112,4.3,Swasti Enterprises 22,1,906.0,,Standard Size,2.36,7.72,11.18,0.44,,,07/01/2024,23,9,19,1.34,669.0,111.94029850746269,True,False,>500,Low,Small,False,Flexible,True,False,Less
https://amazon.in/dp/B0B853TC5M,B0B853TC5M,"Little Boo Baby's Soft Cotton Diaper Changing Mat/Sleeping mats/Water Proof Bed Protector with Foam for New Born Baby 58×45 CM -0-6 Months (Pack of 4,Multicolor)",Little Boo,FBA,Baby,1256,Crib Sheets,304.0,5.0,107,1.0,35096.0,132,4.0,RK World Infocom Pvt Ltd,2,1155.0,91.0,Standard Size,3.07,10.63,12.28,0.51,,,04/01/2024,24,8,2,0.82,328.0,130.4878048780488,True,False,>500,Low,Small,False,Flexible,True,False,Less
https://amazon.in/dp/B0B4FN2WGZ,B0B4FN2WGZ,"SNOWIE SOFT® Baby Suction Plates for Baby Feeding with 4 Strong Suction Cups, Silicone Toddler Plates with Deep Divided for Kids, BFA FREE, Dish Washer & Micro-wave oven Safe",SNOWIE SOFT,FBA,Baby,1055,Plates,469.0,,134,-41.0,62846.0,186,4.2,Xspace Offer,2,2225.0,76.0,Standard Size,2.13,7.87,7.95,0.33,,,03/01/2024,24,8,5,0.72,469.0,186.11111111111111,True,False,>500,Low,Small,False,Flexible,True,False,Less
https://amazon.in/dp/B09NVXJ4KW,B09NVXJ4KW,"Boniry Baby Nail Trimmer,Baby Nail Clippers Safe for Newborn Toddler Adult Toes Fingernails Care Trim Kit 6 Grinding Heads,Baby Grooming kit for Baby Care kit for New Born, (N-T Pink),Pack of 1",Boniry,FBA,Baby,1119,Nail Care,315.0,11.0,109,-14.0,32591.0,467,3.6,Boniry Store,1,1768.0,,Standard Size,1.54,3.5,6.18,0.18,,,11/01/2022,31,9,11,0.23,299.0,473.9130434782609,True,False,>500,Low,Small,False,Flexible,True,False,Less
https://amazon.in/dp/B098MMFX8Z,B098MMFX8Z,"Mi Arcus Feeding, Drool Bibs for Baby Boys, Girls, Newborns, and Toddlers,0-3 Months,Cotton,Gifting/Pack of 5/Adjustable",Mi Arcus,FBA,Baby,854,Feeding Bibs,440.0,2.0,105,16.0,54390.0,212,4.1,RK World Infocom Pvt Ltd,3,1649.0,191.0,Standard Size,1.14,7.6,8.5,0.29,,,03/01/2024,34,9,6,0.5,518.0,210.0,True,True,>500,Low,Small,False,Flexible,True,False,Less
https://amazon.in/dp/B09FDVKGHX,B09FDVKGHX,Wowper Baby Diapers | L | 30 counts | Wetness Indicator |Anti Rash |up to 12 hrs Absorption |9-14 Kg | Super Soft Diapers,Wowper,FBA,Baby,430,Taped Diapers,399.0,7.0,297,-9.0,118503.0,140,3.6,RK World Infocom Pvt Ltd,1,5558.0,-21.0,Standard Size,5.51,9.88,14.68,1.94,,,10/01/2022,29,5,46,2.12,399.0,140.0943396226415,True,False,>500,Low,Small,False,Flexible,True,False,Less
https://amazon.in/dp/B09WDP98SV,B09WDP98SV,"HABER Traditional Baby Muslin Bath Towel Organic Indian Cotton 4 Layer, Eco-Conscious & Safe Printed Muslin Cloth Towels (30x30cm | Pack of 5, Print)",HABER,FBA,Baby,694,Bath Towels & Wash Cloths,399.0,,145,294.0,57855.0,164,4.2,Haber Living,1,953.0,5.0,Standard Size,1.85,4.84,4.88,0.24,,,07/01/2024,27,8,10,0.89,399.0,162.92134831460675,True,False,>500,Low,Small,False,Flexible,True,False,Less
https://amazon.in/dp/B0B9GK12P5,B0B9GK12P5,"VENUSIA Dr Reddy's Venusia Baby Intensive Moisturizing Cream for Dry and Ultra Dry Skin Contains Cocoa, Aloe, Mango & Shea Butters, 75g (Pack of 3)",VENUSIA,FBA,Baby,770,Lotions,681.0,-9.0,126,-8.0,88074.0,158,4.5,Buy  More,1,1474.0,,Standard Size,1.97,1.97,5.91,0.17,,,12/01/2022,23,2,8,0.81,699.0,155.55555555555554,True,False,>500,Low,Small,False,Flexible,True,False,Less
https://amazon.in/dp/B0C6XYSD36,B0C6XYSD36,Coo Coo Extra Dry Baby Pullup Diaper Pant Size Medium-M (48) Count Upto 7-12 kg Super Absorbent Core Up to 12 Hrs Protection Soft Elastic Waist & Leakage Prote,Coo Coo,FBA,Baby,293,Diaper Pants,358.0,3.0,255,0.0,94095.0,500,3.9,RK World Infocom Pvt Ltd,2,,,Standard Size,6.3,12.28,15.35,2.8,,,12/01/2023,-,6,16,0.52,369.0,490.38461538461536,True,False,>500,Low,Small,False,Flexible,True,False,Less
https://amazon.in/dp/B0CQHQVBND,B0CQHQVBND,"GLOWSERIES Cute Seagull Night Lamp, Gifts for Women Teen Girls Baby,Night Lights for Kids Bedroom Kawaii Room Decor, Cute Christmas Duck Silicone Nightlights for Children Toddler.",GLOWSERIES,FBA,Baby,482,Baby Room Décor,949.0,,202,43.0,191698.0,145,4.5,AISHA IMPEX,1,,,Standard Size,3.62,3.86,5.28,0.42,,,07/01/2024,3,9,19,1.39,949.0,145.32374100719426,True,False,>500,Low,Small,False,Flexible,True,False,Less
https://amazon.in/dp/B0CR7GCPL9,B0CR7GCPL9,"Nat Habit Baby Scalp Oil Bhrami Maytakshi (110ml)+ Baby Powder Shweet Chandan (100gm) - Essential Baby Care Combo For Daily Massage, Healthy Nourishment, Chemical & Preservative-Free (Combo Pack of 2)",Nat Habit,FBA,Baby,865,Gift Packs,502.0,-2.0,136,117.0,74120.0,344,4.5,RK World Infocom Pvt Ltd,1,,,Standard Size,4.72,1.97,9.84,0.66,,,03/01/2024,4,9,3,0.4,545.0,340.0,True,False,>500,Low,Small,False,Flexible,True,False,Less
https://amazon.in/dp/B0CJVFTKLF,B0CJVFTKLF,Kuber Industries Bath Tub | Versatile Utility Gaint Tub | Plastic Bath Tub for Baby | Baby Bathing Tub | Clothes Washing Tub For Bathroom | Feeding Pan Tub | TUB-25 LTR | Beige,Kuber Industries,FBA,Baby,458,Bath Tubs,313.0,1.0,204,-16.0,63852.0,192,4.3,ETrade Online,1,,,Standard Size,9.49,17.8,17.83,1.32,,,03/01/2024,1,7,7,1.11,313.0,183.78378378378378,True,False,>500,Low,Small,False,Flexible,True,False,Less
https://amazon.in/dp/B0CJRDNGCX,B0CJRDNGCX,"MCLEAR Acrylonitrile Butadiene Styrene Cabinet Door Locks For Baby Safety Proofing, Door Locks With Adhesive, Childproof Door Latch For Protecting Kids Toddler And Infant,Pack Of 20",MCLEAR,FBM,Baby,1976,Door & Window Guards,349.0,42.0,126,-42.0,100674.0,209,3.4,Reaching Heights,1,,,,,,,,,,02/01/2024,-,6,6,0.64,799.0,196.875,True,False,>500,Low,Small,False,Flexible,True,False,Less
https://amazon.in/dp/B0CLDSCHG9,B0CLDSCHG9,BUMTUM Baby Gift Box Pack of 7 | Skin & Hair Care Products Gift Box | Newborn Baby Essentials | New Born Baby Gifts | Baby Shower Gift | Combo,Bumtum,FBA,Baby,2962,Gift Packs,476.0,37.0,108,-40.0,51408.0,225,4.2,RK World Infocom Pvt Ltd,1,,,Standard Size,2.24,10.91,14.8,1.87,,,02/01/2024,9,6,0,0.48,476.0,225.0,True,False,>500,Low,Small,False,Flexible,True,False,Less
https://amazon.in/dp/B0CKM39FVN,B0CKM39FVN,PARASNATH Squat Toilet Seat Leg Stool 8 inch (White Colour) for Western Toilet Portable Comfortable Sturdy Foot Step for Potty - Made in India,PARASNATH,FBA,Baby,459,Step Stools,449.0,4.0,187,-39.0,83963.0,485,4.2,PARASNATH PVT LTD,1,,,Standard Size,8.27,12.6,18.5,2.2,,,03/01/2024,9,9,0,0.4,449.0,467.5,True,False,>500,Low,Small,False,Flexible,True,False,Less
https://amazon.in/dp/B0BZSGW6HJ,B0BZSGW6HJ,"Cherilo Half Size Elevated Wedge Pillow for Baby Crib & Mattress, Helps to Elevate Baby for Acid Reflux, Colic, GERD, Heat Burn & Vomiting | 19"" x 13.5"" x 3.5"" | - with Removable Velvet Cover - Peach",Cherilo,FBA,Baby,781,Back & Body Supports,930.0,,151,3.0,140430.0,223,4.1,RK World Infocom Pvt Ltd,2,,,Standard Size,4.29,13.46,19.65,0.9,,,07/01/2024,8,9,28,0.68,930.0,222.05882352941174,True,False,>500,Low,Small,False,Flexible,True,False,Less
https://amazon.in/dp/B0BZSJMYP8,B0BZSJMYP8,"Cherilo Half Size Elevated Wedge Baby Pillows for New Born, Pillow for Kids, Crib & Mattress, Prevents Acid Reflux, Colic, GERD, Heat Burn & Vomiting, 19"" x 13.5"" x 3.5"", With Cover, Star Design, Blue",Cherilo,FBA,Baby,781,Back & Body Supports,929.0,,151,3.0,147225.0,223,4.1,RK World Infocom Pvt Ltd,2,,,Standard Size,4.02,13.94,20.08,0.86,,,07/01/2024,9,9,28,0.68,975.0,222.05882352941174,True,False,>500,Low,Small,False,Flexible,True,False,Less
https://amazon.in/dp/B0CJ35YRLX,B0CJ35YRLX,FRIDO New CLOTHINA New Born Baby Godadi Pack of 5 Combo Set Soft Cotton Baby godi| Godari | Baby Bed | Crib Sheet | Cartoon Mat Baby Godadi | Bedding Set | Multicolor,FRIDO,FBM,Baby,317,Bedding Sets,669.0,-7.0,289,8.0,193341.0,375,4.3,Platinum Creation,2,,,Standard Size,11.81,4.72,1.18,0.77,,,07/01/2024,9,8,2,0.77,669.0,375.3246753246753,True,False,>500,Low,Small,False,Flexible,True,False,Less
https://amazon.in/dp/B0CGX4C46N,B0CGX4C46N,TIDY SLEEP Baby Dry Sheet/Mattress Protector (Waterproof/Quickly Dry/Extra Absorbent/Reusable) - Pack of 2,TIDY SLEEP,FBA,Baby,448,Crib Mattress Protection,499.0,,217,53.0,108283.0,122,4.2,TIDY SLEEP,1,,,Standard Size,3.82,7.64,10.35,0.99,,,07/01/2024,2,6,21,1.87,499.0,116.04278074866309,True,False,>500,Low,Small,False,Flexible,True,False,Less
https://amazon.in/dp/B0CBPHPXG1,B0CBPHPXG1,"Florida All Season Ultra Soft Kids AC Blanket/Baby Wrapper/Flannel Baby Blanket for 0-6 Yrs Kids (110x150cm, Pack of 2, Pink Blue)",Florida,FBM,Baby,929,Blankets,854.0,,127,1120.0,126873.0,120,4.1,Florida - Dress your home,1,,,Standard Size,5.91,1.97,7.87,1.87,,,03/01/2024,11,9,4,1.08,999.0,117.59259259259258,True,False,>500,Low,Small,False,Flexible,True,False,Less
https://amazon.in/dp/B0BVV9X42J,B0BVV9X42J,"Amazon Brand - Supples Baby Proofing Kit | 16.4 Ft Edge Guard, 8 Pre-Taped Corner Protectors, 1 Door Stopper, 1 Tape | Safe, Versatile, Customisable, Tested as per IS9873 Standards (Grey)",Supples,FBA,Baby,475,Edge & Corner Guards,469.0,-7.0,217,163.0,101773.0,190,4.3,RK World Infocom Pvt Ltd,1,1824.0,,Standard Size,2.4,16.38,17.24,1.61,,,10/01/2023,12,7,4,1.14,469.0,190.35087719298247,True,False,>500,Low,Small,False,Flexible,True,False,Less
https://amazon.in/dp/B0CJV19FSD,B0CJV19FSD,"MOMITTLE Kids Safety Belt For Two Wheeler With Reflective Strips,Portable Seat Belt Children Motorcycle Harness For Motorcycle Bike,Adjustable Safety Harness For Boys Girls (2-12Years), Pink",MOMITTLE,FBA,Baby,704,Safety Harnesses,669.0,-1.0,150,127.0,100350.0,112,4.3,Swasti Enterprises 22,1,,,Standard Size,2.17,6.26,8.35,0.42,,,07/01/2024,10,8,19,1.34,669.0,111.94029850746269,True,False,>500,Low,Small,False,Flexible,True,False,Less
https://amazon.in/dp/B0CW23LMB4,B0CW23LMB4,"MOMITTLE Kids Safety Belt For Two Wheeler With Reflective Strips, Portable Car Seat Safety Belt For Kids, Kids Belt For Bike Ride Harness, Adjustable Safety Harness For Boys Girls, Multicolor",MOMITTLE,FBA,Baby,704,Safety Harnesses,669.0,-1.0,151,127.0,101019.0,112,4.3,Swasti Enterprises 22,1,,,Standard Size,2.28,7.64,10.87,0.42,,,07/01/2024,5,9,19,1.35,669.0,111.85185185185185,True,False,>500,Low,Small,False,Flexible,True,False,Less
https://amazon.in/dp/B0D3QKPD1L,B0D3QKPD1L,"One94Store Big Face Rabbit Silicone Night Light - Color Changing LED Cute Lamp with Touch Sensor Control | USB Rechargeable, Perfect Decoration for Kids Bedroom Decor, Gifts for Baby, Children",One94Store,FBA,Baby,1075,Baby Room Décor,711.0,-2.0,100,,74900.0,167,4.2,X4Cart,1,,,Standard Size,4.09,4.8,6.54,0.49,,,07/01/2024,2,8,8,0.66,749.0,151.5151515151515,True,False,>500,Low,Small,False,Flexible,True,False,Less
https://amazon.in/dp/B0CV5RMRZ3,B0CV5RMRZ3,"R for Rabbit Waterproof Quick Dry Sheet for Baby | Anti-Piling Fleece Extra Absorbent Instant Dry Sheet for Baby Bed | Baby Cot Protector sheet | Baby Bed Protector (Size-L,Green)",R for Rabbit,FBA,Baby,298,Crib Mattress Protection,561.0,-2.0,316,71.0,179172.0,101,4.1,RK World Infocom Pvt Ltd,1,,,Standard Size,2.36,9.84,15.94,0.84,,,07/01/2024,3,5,18,3.29,567.0,96.04863221884499,True,False,>500,Low,Small,False,Flexible,True,False,Less
https://amazon.in/dp/B0CYL9L7Z7,B0CYL9L7Z7,GLOWSERIES Pear Kids Silicone Cute Lamp for Bedroom Nursery Pear Lamp for Baby Fruit Nightlight for Boys and Girls Kawaii Bedside Lamp for Kids Room,GLOWSERIES,FBA,Baby,455,Baby Room Décor,948.0,-5.0,202,47.0,191496.0,145,4.5,CYMNIX,1,,,Standard Size,3.82,4.37,5.16,0.51,,,07/01/2024,4,9,19,1.39,948.0,145.32374100719426,True,False,>500,Low,Small,False,Flexible,True,False,Less
https://amazon.in/dp/B0CWZ4N37J,B0CWZ4N37J,"Kidbea Stainless Steel Infant Baby Feeding Bottle, BPA Free, Anti-Colic, Plastic-Free, Medium-Flow X 3 Nipple (250 ML) (Argyle)",Kidbea,FBM,Baby,310,Bottles,349.0,-3.0,296,20.0,103304.0,253,3.8,Kidbea,3,,,Standard Size,2.52,2.64,7.87,0.31,,,07/01/2024,3,6,5,1.3,349.0,227.69230769230768,True,False,>500,Low,Small,False,Flexible,True,False,Less
https://amazon.in/dp/B0BM4NBNHR,B0BM4NBNHR,"TuddyBuddy 100% Cotton Adjustable Baby Swaddle Wrap for Newborn to 6 Months Baby (3-6 Months, Pack of 3 - Plain Grey, Brown & Cream)",TuddyBuddy,FBA,Baby,1498,Swaddlers,999.0,,106,,105894.0,371,3.9,Oxyliv Products Pvt Ltd,1,,,Standard Size,7.87,0.79,7.87,0.53,,,07/01/2024,-,5,139,0.29,999.0,365.51724137931035,True,False,>500,Low,Small,False,Flexible,True,False,Less
https://amazon.in/dp/B0CL72TFZS,B0CL72TFZS,"SNUGKINS Unisex-Child Unisex-Child Snug Potty Training Pants For Kids 100% Cotton (Size 2-3 Years) Pack 2, Multicolor",SNUGKINS,FBM,Baby,883,Diaper Pants,498.0,,142,54.0,70716.0,194,3.3,Snugkins,1,,,Standard Size,2.01,4.53,6.89,0.26,,,07/01/2024,1,4,102,0.75,498.0,189.33333333333334,True,False,>500,Low,Small,False,Flexible,True,False,Less
https://amazon.in/dp/B0D4MMLX34,B0D4MMLX34,"Antson Double Sided Water Proof Baby Play Mat, Play mats for Kids Large Size, Baby Carpet, Play mat Crawling Baby (Standard Size - 6 Feet X 4 Feet)",Antson,FBA,Baby,198,Playmats & Floor Gyms,494.0,10.0,266,,131404.0,466,4.6,RK World Infocom Pvt Ltd,1,,,Standard Size,5.0,19.13,20.51,0.71,,,07/01/2024,1,9,0,0.57,494.0,466.6666666666667,True,False,>500,Low,Small,False,Flexible,True,False,Less
https://amazon.in/dp/B0B34TR1DS,B0B34TR1DS,"Teddyify Soft Cotton Baby Bath Towel for Infants, New Born Babies and Toddlers (0-12 Months) (Colours and Print as per Availability) (Pack of 2 Towel)",TEDDYIFY,FBA,Baby,703,Bath Towels & Wash Cloths,399.0,,141,3.0,56259.0,498,3.9,Teddyify,1,1817.0,-3.0,Standard Size,2.56,7.17,7.2,0.71,,,08/01/2022,25,8,6,0.29,399.0,486.2068965517242,True,False,>500,Low,Small,False,Flexible,True,False,Less
https://amazon.in/dp/B09KQ1T99K,B09KQ1T99K,"Luxurin Swing For Kids Baby Jhula Foldable, Portable Swing For 0-3 Years Babies With Safety Belt Soft Cover With Reliance Filler For Soft Skin Hanging Indoor Outdoor Swing (Red)-Cotton, 35 Cm, 4 Cm",LUXURIN,FBM,Baby,1380,Swings,529.0,12.0,111,24.0,58719.0,137,4.1,LUXURIN Enterprises,1,728.0,103.0,,6.61,1.65,13.86,,,,07/01/2024,33,6,2,0.83,529.0,133.73493975903614,True,True,>500,Low,Small,False,Flexible,True,False,Less
https://amazon.in/dp/B09G6JXQPB,B09G6JXQPB,MOM CARE Newborn Gift Set Has All Born Baby Items for Both Newly Born Baby Boy or Girl for or Girls Unisex 9 pcs Set (Pink),MOM CARE,FBA,Baby,501,Gift Packs,781.0,-1.0,177,30.0,150981.0,180,4.1,MOM CARE,1,1860.0,76.0,Standard Size,17.32,11.81,1.38,0.86,,,01/01/2024,33,5,15,1.01,853.0,175.24752475247524,True,False,>500,Low,Small,False,Flexible,True,False,Less
https://amazon.in/dp/B09F9M2T7Q,B09F9M2T7Q,"ANNA CREATIONS premium Designer Soft Flower Bow hairband Headband Hair Accessories for Baby Girls, Multicolor (Pack of 6 Pcs)",ANNACREATIONS,FBA,Baby,1305,Headbands,399.0,19.0,119,-19.0,45101.0,222,4.0,Anna enterprises,1,1469.0,-47.0,Standard Size,2.44,4.81,10.72,0.26,,,09/01/2022,34,7,3,0.54,379.0,220.37037037037035,True,False,>500,Low,Small,False,Flexible,True,False,Less
https://amazon.in/dp/B09G6HTLT1,B09G6HTLT1,MOM CARE Newborn Gift Set Has All Born Baby Items for Both Newly Born Baby Boy or Girl for or Girls Unisex 11 pcs Set Pink,MOM CARE,FBA,Baby,511,Gift Packs,912.0,2.0,179,33.0,178105.0,180,4.1,MOM CARE,1,1862.0,75.0,Standard Size,17.32,11.81,1.38,1.32,,,12/01/2023,33,7,15,1.02,995.0,175.49019607843138,True,False,>500,Low,Small,False,Flexible,True,False,Less
https://amazon.in/dp/B08Z2V61QQ,B08Z2V61QQ,"Pigeon Glass Baby Feeding Bottle, With Added Nipple S, For 0+ Month Babies,BPS Free,BPA Free,With Add Nipple S, Red,120 ml",Pigeon,FBA,Baby,2317,Bottles,557.0,,100,9.0,55700.0,206,4.5,e-STORES,5,1283.0,0.0,Standard Size,2.28,2.44,6.22,0.4,,,04/01/2023,38,6,3,0.49,557.0,204.08163265306123,True,False,>500,Low,Small,False,Flexible,True,False,Less
https://amazon.in/dp/B07T71S324,B07T71S324,SuperBottoms BASIC - Assorted Pack of 4 (2 Shell + 2 Insert) Cloth Diaper For Baby | Reusable Cotton Cloth Diaper | 0-3 Years | Freesize | Adjustable | Reduces Rash | With Quick Dry Pad/Insert,superbottoms,FBA,Baby,87,Cloth Diapers,579.0,12.0,257,143.0,148803.0,364,3.7,Navashya Consumer Products Private Limited,1,1100.0,176.0,Standard Size,3.23,7.05,7.05,0.86,,,07/01/2024,61,7,51,0.71,579.0,361.9718309859155,True,True,>500,Low,Small,False,Flexible,True,False,Less
https://amazon.in/dp/B08YKGTDRH,B08YKGTDRH,Nabhya Ferrari Baby Potty Training Seat- Chair for Kids- Infant Potty Toilet Chair with Removable Tray & Closing Lid (Green),Nabhya,FBA,Baby,679,Potty Seats & Chairs,465.0,9.0,143,54.0,71357.0,310,3.8,Nabhya®,1,863.0,-25.0,Standard Size,9.45,7.6,1.57,0.88,,,07/01/2024,39,7,3,0.46,499.0,310.8695652173913,True,False,>500,Low,Small,False,Flexible,True,False,Less
https://amazon.in/dp/B083SPN65G,B083SPN65G,"MY NEWBORN Baby Silicone Bibs | Feeding Infants and Toddlers| 0-2 Years | Waterproof, Spill Resistant Bibs for Kids| Useful Baby Shower Gift | Pocket-Friendly | Reusable Unisex Apron",MY NEWBORN,FBA,Baby,434,Feeding Bibs,509.0,,111,318.0,63159.0,194,4.3,Thynkcue Brands,1,1350.0,35.0,Standard Size,1.61,7.72,10.0,0.26,,,12/01/2023,51,7,9,0.58,569.0,191.3793103448276,True,False,>500,Low,Small,False,Flexible,True,False,Less
https://amazon.in/dp/B07LFJ87ZY,B07LFJ87ZY,BabySafeHouse Pre-Taped Furniture Edge Guard and Corner Protector - 6.5ft Edge + 4 Corner Guards (Black Color) for Baby Proofing & Child Safety,BabySafeHouse,FBA,Baby,255,Edge & Corner Guards,330.0,,339,0.0,111870.0,266,4.0,RK World Infocom Pvt Ltd,2,3573.0,46.0,Standard Size,1.54,8.27,8.5,0.18,,,07/01/2024,66,6,8,1.27,330.0,266.92913385826773,True,False,>500,Low,Small,False,Flexible,True,False,Less
https://amazon.in/dp/B08M6FVHGX,B08M6FVHGX,"Maate Baby Body Wash (Pack of 250 ml*2) | With Ayurvedic Herbs Beetroot, Manjistha & Neem extracts | Body Wash for Dry & Sensitive Skin | Natural & Vegan | Tear-free & pH Balanced | Soap Free | Body Wash",MAATE,FBA,Baby,1651,Body Washes,979.0,-9.0,111,5.0,124209.0,243,4.2,maate,2,1213.0,5965.0,Standard Size,3.98,8.5,10.47,2.69,,,01/01/2024,45,8,6,0.46,1119.0,241.30434782608694,True,True,>500,Low,Small,False,Flexible,True,False,Less
https://amazon.in/dp/B07X1T281V,B07X1T281V,Homescape Newborn Baby's All Season Ultra Soft Double Layer Blanket (90x110cm) Pink,Homescape,FBA,Baby,1609,Blankets,375.0,,102,62.0,38250.0,363,4.4,HomeScape,2,1387.0,-14.0,Standard Size,7.09,6.69,2.36,0.82,,,10/01/2022,57,5,7,0.28,375.0,364.2857142857143,True,False,>500,Low,Small,False,Flexible,True,False,Less
https://amazon.in/dp/B07LFJQ7JC,B07LFJQ7JC,BabySafeHouse Pre-Taped Furniture Edge Guard and Corner Protector - 6.5ft Edge + 4 Corner Guards (White Color) for Baby Proofing & Child Safety,BabySafeHouse,FBA,Baby,257,Edge & Corner Guards,330.0,-1.0,336,-2.0,110880.0,151,4.0,RK World Infocom Pvt Ltd,2,3577.0,46.0,Standard Size,1.65,8.31,8.7,0.22,,,07/01/2024,66,6,8,2.23,330.0,150.6726457399103,True,False,>500,Low,Small,False,Flexible,True,False,Less
https://amazon.in/dp/B09X6TVN7Q,B09X6TVN7Q,Cetaphil Baby Moisturising Bath & Wash 230 ml,Cetaphil,FBA,Baby,397,Body Washes,632.0,,163,3.0,103016.0,199,4.5,FFCP - Yellow Bee,2,1674.0,21.0,Standard Size,1.46,2.56,6.65,0.6,,,04/01/2024,27,8,0,0.82,632.0,198.78048780487805,True,False,>500,Low,Small,False,Flexible,True,False,Less
https://amazon.in/dp/B08C4SHYPV,B08C4SHYPV,"Koochie-Koo Cotton Washable Reusable Colorful Printed Nappy, Diaper, Langot With Extra Absorbent & Wide Cushion/Padding, Nappies For 0-4 Months Baby Boys & Girls (Set Of 6, Multicolor)",Koochie-Koo,FBA,Baby,838,Cloth Diapers,479.0,4.0,132,-13.0,65868.0,304,4.0,wishkey,1,1371.0,21.0,Standard Size,2.56,7.56,9.09,0.35,,,06/01/2024,49,6,4,0.44,499.0,300.0,True,False,>500,Low,Small,False,Flexible,True,False,Less
https://amazon.in/dp/B071DH4G84,B071DH4G84,"Baby Bucket Baby Boys & Girls Breathable Soft Cotton Diaper Panty Reusable Cartoon Embroidery Panties Set Of 3 (Light Print, 0-6 Months), Pink",Baby Bucket,FBA,Baby,1291,Diaper Pants,575.0,,120,217.0,69000.0,499,3.4,Baby Bucket,1,786.0,-4.0,Standard Size,1.97,9.21,12.68,0.3,,,07/01/2024,83,7,6,0.24,575.0,500.0,True,False,>500,Low,Small,False,Flexible,True,False,Less
https://amazon.in/dp/B0CL78F5YQ,B0CL78F5YQ,SNUGKINS Snug Potty Training Pants for Kids 100% Cotton (Size 5-6 Years) Pack of 1 - Sailing Hearts,SNUGKINS,FBA,Baby,758,Diaper Pants,300.0,,128,49.0,38400.0,194,3.3,Snugkins,2,,,Standard Size,3.46,4.09,8.11,0.49,,,07/01/2024,-,4,102,0.68,300.0,188.23529411764704,True,False,<500,Low,Small,False,Flexible,True,False,Less
https://amazon.in/dp/B0CCRQMKQL,B0CCRQMKQL,"SNUGKINS Snug Potty Training Pull-up Pants for Babies/Toddlers/Kids | 100% Pure Cotton | Washable & Reusable | (Size 4, Fits 4-5 Years) | Pack of 2 - Water Melon & Whale",SNUGKINS,FBA,Baby,738,Diaper Pants,498.0,,128,49.0,63744.0,193,3.2,Snugkins,1,,,Standard Size,2.76,3.43,7.05,0.44,,,07/01/2024,5,6,102,0.68,498.0,188.23529411764704,True,False,>500,Low,Small,False,Flexible,True,False,Less
https://amazon.in/dp/B0CXPNQDC8,B0CXPNQDC8,"BabyPro (Pack of 12) Baby Infant Child Proofing Safety Locks Latches for Door, Cupboard, Cabinet, Fridge, Drawer Locks, Toilet Seats, Child Safety Cabinet Locks, Child Proof Cabinet Latches (White)",BabyPro,FBA,Baby,447,Cabinet Straps,300.0,,177,-39.0,53100.0,345,3.8,RK World Infocom Pvt Ltd,1,,,Standard Size,2.17,4.13,6.77,0.35,,,06/01/2024,3,8,3,0.51,300.0,347.05882352941177,True,False,<500,Low,Small,False,Flexible,True,False,Less
https://amazon.in/dp/B0B4FN27PZ,B0B4FN27PZ,"SNOWIE Soft® Baby Suction Plates for Baby Feeding with 4 Strong Suction Cups, Silicone Toddler Plates with Deep Divided for Kids to Feed Themselves, Dish Washer & Micro-Wave Oven Safe (Green)",SNOWIE SOFT,FBA,Baby,1023,Sets,469.0,,134,-41.0,62846.0,120,4.0,Xspace Offer,2,2212.0,77.0,Standard Size,1.77,7.76,8.62,0.33,,,03/01/2024,24,7,5,1.15,469.0,116.5217391304348,True,False,>500,Low,Small,False,Flexible,True,False,Less
https://amazon.in/dp/B0B9BXN5VT,B0B9BXN5VT,"superbottoms Rai Mustard Seed Head Shaping Pillow for Newborn Baby, Refillable Pillow | Pack of 2 | 100% Cotton Cover, Customize Mustard Seed Filling | Prevents Flat Head | 0-12Months,for Gifting",superbottoms,FBA,Baby,853,Back & Body Supports,889.0,3.0,157,46.0,134863.0,126,4.1,Navashya Consumer Products Private Limited,1,1945.0,,Standard Size,6.06,7.05,7.05,2.73,,,09/01/2023,23,7,11,1.25,859.0,125.6,True,False,>500,Low,Small,False,Flexible,True,False,Less
https://amazon.in/dp/B0B5N792P9,B0B5N792P9,"BONIRY Baby Nail Trimmer,Baby Nail Clippers Safe for Newborn Toddler Adult Toes Fingernails Care Trim Kit 6 Grinding Heads,Baby Grooming kit for Baby Care kit for New Born,(Light Blue),Pack of 1",Boniry,FBA,Baby,1151,Nail Care,310.0,2.0,108,-13.0,33480.0,467,3.6,Boniry Store,1,1760.0,,Standard Size,1.26,2.76,3.94,0.13,,,11/01/2022,25,9,11,0.23,310.0,469.5652173913043,True,False,>500,Low,Small,False,Flexible,True,False,Less
https://amazon.in/dp/B0B467J3ZT,B0B467J3ZT,"Cherilo Baby Dry Sheet for New Born Waterproof Bedsheet, 3 Small Size Pack (Navy Blue + Salmon Rose + Sea Green)",Cherilo,FBA,Baby,1106,Crib Sheets,324.0,,147,25.0,51303.0,205,4.5,RK World Infocom Pvt Ltd,1,992.0,49.0,Standard Size,2.72,7.95,14.53,0.71,,,07/01/2024,24,8,15,0.72,349.0,204.16666666666669,True,False,>500,Low,Small,False,Flexible,True,False,Less
https://amazon.in/dp/B09X76ZQ1W,B09X76ZQ1W,"BRANDONN New Born Baby Blankets All Season Fluffy 2 Layered Ac Wrapping Sheet Flannel And Sherpa Blanket For Baby Boys And Baby Girls, Toddlers 130 Cm X 105 Cm, (3-24 Months), Lightweight",BRANDONN,FBA,Baby,443,Blankets,580.0,-4.0,220,67.0,134420.0,111,4.3,Brandonn,1,2578.0,-3.0,Standard Size,5.59,8.94,10.87,1.32,,,11/01/2023,28,4,12,1.98,611.0,111.11111111111111,True,False,>500,Low,Small,False,Flexible,True,False,Less
https://amazon.in/dp/B0B4B2FMCG,B0B4B2FMCG,"Boniry Baby Nail Trimmer,Baby Nail Clippers Safe For Newborn Toddler Adult Toes Fingernails Care Trim Kit 6 Grinding Heads,Baby Grooming Kit For Baby Care Kit For New Born,(N-T Blue 2), 1 Count",Boniry,FBA,Baby,1151,Nail Care,310.0,2.0,108,-12.0,33480.0,467,3.6,Boniry Store,1,1759.0,,Standard Size,1.26,4.06,6.14,0.18,,,11/01/2022,25,9,11,0.23,310.0,469.5652173913043,True,False,>500,Low,Small,False,Flexible,True,False,Less
https://amazon.in/dp/B09WDMDND4,B09WDMDND4,"Haber Traditional Baby Muslin Bath Towel Organic Indian Cotton 4 Layer, Eco-Conscious & Safe Printed Muslin Cloth Towels (70x70cm, Forest & Giraffe)",HABER,FBA,Baby,694,Bath Towels & Wash Cloths,499.0,,145,9.0,72355.0,326,4.4,Haber Living,1,1856.0,-16.0,Standard Size,2.09,5.08,7.52,0.4,,,09/01/2022,27,9,10,0.44,499.0,329.54545454545456,True,False,>500,Low,Small,False,Flexible,True,False,Less
https://amazon.in/dp/B09YYYQHFQ,B09YYYQHFQ,Spoo No-Tear Formula baby shampoo 200ml from Tedibar Family | Gentle on Scalp | No. 1 Pediatrician Prescribed Shampoo* - By Torrent Pharma,SPOO,FBA,Baby,279,Baby Shampoos,455.0,8.0,293,3.0,134194.0,278,4.5,RK World Infocom Pvt Ltd,2,3123.0,,Standard Size,1.5,2.56,6.06,0.53,,,03/01/2024,27,9,0,1.05,458.0,279.04761904761904,True,False,>500,Low,Small,False,Flexible,True,False,Less
https://amazon.in/dp/B0B3VMQLKB,B0B3VMQLKB,"Cherilo Baby Dry Sheet, Rubber Sheet for Baby, Bed Wetting Crib Sheet Mat, Pack of 3 Small Size Pack (Sea Green + Pista Green + Salmon Rose)",Cherilo,FBA,Baby,920,Crib Sheets,324.0,-1.0,147,28.0,51303.0,205,4.5,RK World Infocom Pvt Ltd,2,994.0,49.0,Standard Size,2.8,7.87,16.18,0.71,,,07/01/2024,24,8,15,0.72,349.0,204.16666666666669,True,False,>500,Low,Small,False,Flexible,True,False,Less
https://amazon.in/dp/B0BLBVSMGD,B0BLBVSMGD,"Aqbah Rubber Sheet for Bed Adult, Toddler, Mattress Protector, Non Absorbent Reusable Crib 2 meter(78X39 inches)(200X100 cm)",AQBAH,FBA,Baby,192,Crib Mattress Protection,470.0,-1.0,204,-12.0,100980.0,287,4.3,AQBAH STORE,1,2170.0,,Standard Size,1.46,9.17,9.57,2.91,,,06/01/2024,14,7,5,0.76,495.0,268.42105263157896,True,False,>500,Low,Small,False,Flexible,True,False,Less
https://amazon.in/dp/B0BH47SZ6M,B0BH47SZ6M,"Goodmunchkins Stainless Steel Baby Feeding Bottle 304 Grade Steel for Infants/Toddlers Jointless, with Bottle Cleaning Brush (Blue) 300 Milliliters",Goodmunchkins,FBM,Baby,788,Bottles,480.0,,137,49.0,63020.0,217,4.0,GOODMUNCHKINS PVT LTD,1,1161.0,,Standard Size,3.15,3.15,7.09,0.39,,,06/01/2023,22,9,8,0.63,460.0,217.46031746031747,True,False,>500,Low,Small,False,Flexible,True,False,Less
https://amazon.in/dp/B0B3JCKGV3,B0B3JCKGV3,Teddyify 100% Soft Cotton Baby Bath Towel for Infants/New Born/Babies (0-12 Months) (Colours & Prints Vary) (2),TEDDYIFY,FBA,Baby,805,Bath Towels & Wash Cloths,399.0,2.0,143,4.0,57057.0,497,3.9,Teddyify,1,930.0,,Standard Size,3.46,7.17,7.64,0.66,,,06/01/2024,23,7,6,0.29,399.0,493.1034482758621,True,False,>500,Low,Small,False,Flexible,True,False,Less
https://amazon.in/dp/B0BHT4NHCZ,B0BHT4NHCZ,"HIPPO Cute Diaper Baby Products Caddy Bag With Leather Reinforced Edges For Smart Mothers Baby Diaper Caddy Organizers Baby Wipes Felt Storage, Nursery, Foldable And Portable (Large, Grey, Design2)",HIPPO,FBA,Baby,791,Diaper Stackers,641.0,-4.0,176,0.0,112816.0,107,4.2,HIPPO - RAD Global (P) Ltd - Jaipur,1,2210.0,,Standard Size,3.58,8.94,14.84,0.93,,,11/01/2022,21,8,3,1.64,641.0,107.31707317073172,True,False,>500,Low,Small,False,Flexible,True,False,Less
https://amazon.in/dp/B0BH8SLNRR,B0BH8SLNRR,"Figaro Baby Lotion with Goodness of Natural Olive oil enriched with vitamin E, Dermatologically tested, 400 ml",Figaro Baby,FBA,Baby,813,Lotions,390.0,18.0,153,-9.0,59670.0,103,4.2,RK World Infocom Pvt Ltd,1,1883.0,,Standard Size,2.05,3.46,7.01,1.01,,,12/01/2022,22,7,3,1.49,390.0,102.68456375838926,True,False,>500,Low,Small,False,Flexible,True,False,Less
https://amazon.in/dp/B0BBSPNLJN,B0BBSPNLJN,Momittle - Baby Two Wheeler Safety Belt for Kids | Baby Safety Products | Baby Holder for Bike | 2 Wheeler Safety Belt for Kids | Secure Your Children While Riding | Double Buckles for Extra Safety,MOMITTLE,FBA,Baby,746,Safety Harnesses,669.0,,151,125.0,101019.0,112,4.3,Swasti Enterprises 22,1,899.0,,Standard Size,2.13,7.99,10.55,0.46,,,07/01/2024,22,9,19,1.35,669.0,111.85185185185185,True,False,>500,Low,Small,False,Flexible,True,False,Less
https://amazon.in/dp/B0BT1DW498,B0BT1DW498,Storio Baby Walker My First Step Baby Activity Push Walker Baby 6-18months Boy Girls Babies Kids (Red),Storio,FBA,Baby,432,Walkers,949.0,1.0,130,187.0,123370.0,212,3.4,Electronics Bazaar  Store,1,865.0,,Standard Size,6.54,14.48,18.62,3.4,,,07/01/2024,17,5,6,0.61,949.0,213.11475409836066,True,False,>500,Low,Small,False,Flexible,True,False,Less
https://amazon.in/dp/B0BXBBXTKC,B0BXBBXTKC,"tekme Remote Teether For Baby, For 3+ Months Baby, Helps Biting Skills Development, Colour & Shape Recognition, Teething Toys For Babies And Toddlers (Pink)",tekme,FBA,Baby,263,Teethers,427.0,2.0,295,32.0,125965.0,497,4.0,tekme®,1,4022.0,,Standard Size,0.51,4.96,6.54,0.13,,,07/01/2023,15,6,5,0.59,427.0,500.0,True,False,>500,Low,Small,False,Flexible,True,False,Less
https://amazon.in/dp/B0BRQ84SQL,B0BRQ84SQL,TEDDYY Baby Wet Wipes With Lid 72s Pack of 5,TEDDYY,FBA,Baby,742,Wet Wipes,358.0,-1.0,146,-3.0,55188.0,197,4.3,RK World Infocom Pvt Ltd,1,1006.0,,Standard Size,4.69,8.11,9.57,4.14,,,06/01/2024,-,5,10,0.76,378.0,192.10526315789474,True,False,>500,Low,Small,False,Flexible,True,False,Less
https://amazon.in/dp/B0BSDD1P7P,B0BSDD1P7P,"Little Rituals Baby and Kids Post-Biotic Face Cream Moisturiser - Hydration + Radiance, Formulated with Golden Millets, Jojoba, Calendula, Natural, Organic, Dermat Tested, Swiss Technology (50 gm)",Little Rituals,FBA,Baby,334,Lotions,635.0,-2.0,226,61.0,143510.0,196,4.3,Little Rituals,1,2012.0,,Standard Size,2.2,2.2,4.09,0.22,,,07/01/2024,18,9,4,1.15,635.0,196.5217391304348,True,False,>500,Low,Small,False,Flexible,True,False,Less
https://amazon.in/dp/B0C9X3WG2V,B0C9X3WG2V,Eddie & Holly Stainless Steel Feeding Bottles for Baby | 220 ml | Wide Neck | Steel Milk Bottle for Kids and New Born Baby Feeding Bottle | 0+ Months | 220 ml,Eddie & Holly,FBA,Baby,1271,Bottles,579.0,5.0,132,1.0,72468.0,205,3.6,Eddie & Holly,1,1644.0,,Standard Size,2.72,2.83,6.89,0.46,,,08/01/2023,13,8,10,0.65,549.0,203.07692307692307,True,False,>500,Low,Small,False,Flexible,True,False,Less
https://amazon.in/dp/B0BTP37SFB,B0BTP37SFB,"LuvLap Baby Feeding Bowl with Lid, Spoon & Fork Set, for Feeding & Weaning, Baby Tableware Set, Soft First Stage Feeding Baby Bowl with divider plate & Spoon Set for Baby & Kids (Blue)",LuvLap,FBA,Baby,680,Sets,372.0,,144,-33.0,53568.0,246,3.9,RK World Infocom Pvt Ltd,1,1909.0,,Standard Size,2.68,8.03,9.13,0.4,,,05/01/2024,14,6,2,0.59,372.0,244.0677966101695,True,False,>500,Low,Small,False,Flexible,True,False,Less
